,run,epoch,loss,valid_loss,test_loss,decision_loss,epoch duration,run duration,lr,batch_size,likelihood_fn,dropout_rate,random_noise,k,model_arch
0,1,1,1.8517642183655716,1.8807918861718245,1.4444462007855716,1.8807918861718245,0.5479257106781006,0.5561935901641846,0.001,32,bgmm,0,0,0,"('VGLM', [])"
1,1,2,1.5977182619902024,1.7271530629253724,1.415998909775525,1.7271530629253724,0.5410890579223633,1.2828571796417236,0.001,32,bgmm,0,0,0,"('VGLM', [])"
2,1,3,1.5415344478854214,1.638624413332469,1.381554162359401,1.638624413332469,0.5310873985290527,1.878997564315796,0.001,32,bgmm,0,0,0,"('VGLM', [])"
3,1,4,1.4997789009911828,1.5802056407424765,1.3505673698366505,1.5802056407424765,0.5202076435089111,2.4487016201019287,0.001,32,bgmm,0,0,0,"('VGLM', [])"
4,1,5,1.4794795072401863,1.5406031152102309,1.3308513896310166,1.5406031152102309,0.52093505859375,3.014355182647705,0.001,32,bgmm,0,0,0,"('VGLM', [])"
5,1,6,1.4671555010669202,1.506335400149856,1.3212286805453366,1.506335400149856,0.5165290832519531,3.5798637866973877,0.001,32,bgmm,0,0,0,"('VGLM', [])"
6,1,7,1.4629827464919491,1.4846282289691375,1.3131221748174053,1.4846282289691375,0.5197479724884033,4.1479363441467285,0.001,32,bgmm,0,0,0,"('VGLM', [])"
7,1,8,1.454812833702708,1.4666072468102818,1.3044120223861035,1.4666072468102818,0.520759105682373,4.718236446380615,0.001,32,bgmm,0,0,0,"('VGLM', [])"
8,1,9,1.4594600060618068,1.4640302943511747,1.3015878600106663,1.4640302943511747,0.5254497528076172,5.293506383895874,0.001,32,bgmm,0,0,0,"('VGLM', [])"
9,1,10,1.4417138085756676,1.445871943529223,1.298132419382056,1.445871943529223,0.5221223831176758,5.8810670375823975,0.001,32,bgmm,0,0,0,"('VGLM', [])"
10,2,1,1.7769423701676978,1.5571614537440555,1.338850714776614,1.5571614537440555,0.615816593170166,0.6196575164794922,0.001,32,bgmm,0,0,0,"('MLP', [10])"
11,2,2,1.511922477778182,1.4823073102554805,1.2892253620371426,1.4823073102554805,0.6493592262268066,1.3308866024017334,0.001,32,bgmm,0,0,0,"('MLP', [10])"
12,2,3,1.4719624674306757,1.4563036246199004,1.2744540757920644,1.4563036246199004,0.6454417705535889,2.0400874614715576,0.001,32,bgmm,0,0,0,"('MLP', [10])"
13,2,4,1.4568798547408668,1.4490971184322532,1.269040732351068,1.4490971184322532,0.6425120830535889,2.752898693084717,0.001,32,bgmm,0,0,0,"('MLP', [10])"
14,2,5,1.439900717462402,1.4315121124537897,1.2600098374771744,1.4315121124537897,0.642688512802124,3.465980052947998,0.001,32,bgmm,0,0,0,"('MLP', [10])"
15,2,6,1.4456780868840504,1.4216578353038976,1.2529796828349975,1.4216578353038976,0.635627031326294,4.174767017364502,0.001,32,bgmm,0,0,0,"('MLP', [10])"
16,2,7,1.4230338049581253,1.416537576053344,1.248780966672587,1.416537576053344,0.6391458511352539,4.88782811164856,0.001,32,bgmm,0,0,0,"('MLP', [10])"
17,2,8,1.417121384517256,1.4112890380578982,1.248376721898987,1.4112890380578982,0.638765811920166,5.596291780471802,0.001,32,bgmm,0,0,0,"('MLP', [10])"
18,2,9,1.4235862893871514,1.4148155489647891,1.248278273346081,1.4148155489647891,0.6298339366912842,6.311743259429932,0.001,32,bgmm,0,0,0,"('MLP', [10])"
19,2,10,1.415934567530471,1.4081802111066564,1.2442785356040686,1.4081802111066564,0.6405084133148193,7.033112287521362,0.001,32,bgmm,0,0,0,"('MLP', [10])"
20,3,1,3.153510619506375,2.215086106317384,1.8837424632575777,2.215086106317384,1.4273698329925537,1.431697130203247,0.001,32,bgmm,0,0,0,"('SimpleRNN', [10])"
21,3,2,1.9319400776549047,1.9987387989248548,1.6400394630100992,1.9987387989248548,1.4518382549285889,2.96246600151062,0.001,32,bgmm,0,0,0,"('SimpleRNN', [10])"
22,3,3,1.7971490275823818,1.8519365165914807,1.5062020160257816,1.8519365165914807,1.4411227703094482,4.4821038246154785,0.001,32,bgmm,0,0,0,"('SimpleRNN', [10])"
23,3,4,1.719920155865188,1.7544633839811599,1.4790599789056513,1.7544633839811599,1.4766550064086914,6.030853509902954,0.001,32,bgmm,0,0,0,"('SimpleRNN', [10])"
24,3,5,1.6876695543257492,1.6977027607815607,1.454175166371796,1.6977027607815607,1.440371036529541,7.557425260543823,0.001,32,bgmm,0,0,0,"('SimpleRNN', [10])"
25,3,6,1.6576497504358205,1.676632375376565,1.4335227476225958,1.676632375376565,1.4551329612731934,9.089884281158447,0.001,32,bgmm,0,0,0,"('SimpleRNN', [10])"
26,3,7,1.6547169613333987,1.676502679501261,1.433527355806695,1.676502679501261,1.4460561275482178,10.630693912506104,0.001,32,bgmm,0,0,0,"('SimpleRNN', [10])"
27,3,8,1.6452903246951607,1.6743365888084685,1.4306451831426885,1.6743365888084685,1.4445629119873047,12.159013032913208,0.001,32,bgmm,0,0,0,"('SimpleRNN', [10])"
28,3,9,1.6387069390979778,1.673122609938894,1.426117078711589,1.673122609938894,1.4440031051635742,13.694729328155518,0.001,32,bgmm,0,0,0,"('SimpleRNN', [10])"
29,3,10,1.6382401421711164,1.6641831793955395,1.4297880513800516,1.6641831793955395,1.4865376949310303,15.26815152168274,0.001,32,bgmm,0,0,0,"('SimpleRNN', [10])"
30,4,1,1.534894410924739,1.4473980019839716,1.2825804340512785,1.4473980019839716,0.709383487701416,0.7136366367340088,0.001,32,bgmm,0,0,0,"('MLP', [50, 50])"
31,4,2,1.429311890469258,1.4146165272194735,1.2584138811400083,1.4146165272194735,0.7290842533111572,1.5418589115142822,0.001,32,bgmm,0,0,0,"('MLP', [50, 50])"
32,4,3,1.4024127253656646,1.3933859249760567,1.2531590794455516,1.3933859249760567,0.7152714729309082,2.377249240875244,0.001,32,bgmm,0,0,0,"('MLP', [50, 50])"
33,4,4,1.3871000366038586,1.3806839280722427,1.250955352789327,1.3806839280722427,0.7183563709259033,3.2000274658203125,0.001,32,bgmm,0,0,0,"('MLP', [50, 50])"
34,4,5,1.3723420539523015,1.4032874642805735,1.2649529682957146,1.4032874642805735,0.7259373664855957,4.036701440811157,0.001,32,bgmm,0,0,0,"('MLP', [50, 50])"
35,4,6,1.3669421219165965,1.374569304785888,1.2809820053971386,1.374569304785888,0.7264914512634277,4.865184783935547,0.001,32,bgmm,0,0,0,"('MLP', [50, 50])"
36,4,7,1.3605910708387214,1.412316593616991,1.2788234443008288,1.412316593616991,0.6996841430664062,5.687096834182739,0.001,32,bgmm,0,0,0,"('MLP', [50, 50])"
37,4,8,1.3461832186369875,1.4224134951200285,1.2774951631356388,1.4224134951200285,0.723402738571167,6.51601767539978,0.001,32,bgmm,0,0,0,"('MLP', [50, 50])"
38,4,9,1.3436894560434731,1.3871101347440984,1.269856714477686,1.3871101347440984,0.7132928371429443,7.340922832489014,0.001,32,bgmm,0,0,0,"('MLP', [50, 50])"
39,4,10,1.3301250752151372,1.3945983512405777,1.259611989333205,1.3945983512405777,0.7435321807861328,8.179844379425049,0.001,32,bgmm,0,0,0,"('MLP', [50, 50])"
40,5,1,2.155376198788784,1.9957392607416427,1.6741388051046266,1.9957392607416427,1.4895668029785156,1.4940686225891113,0.001,32,bgmm,0,0,0,"('SimpleRNN', [50, 50])"
41,5,2,1.8360296813742991,1.8596479105097907,1.5482437556816473,1.8596479105097907,1.4614925384521484,3.042092800140381,0.001,32,bgmm,0,0,0,"('SimpleRNN', [50, 50])"
42,5,3,1.7448087304020217,1.7929686925240926,1.4956515187190638,1.7929686925240926,1.4446473121643066,4.596695899963379,0.001,32,bgmm,0,0,0,"('SimpleRNN', [50, 50])"
43,5,4,1.691638328157523,1.7470555147954396,1.463708830376466,1.7470555147954396,1.472311019897461,6.174908399581909,0.001,32,bgmm,0,0,0,"('SimpleRNN', [50, 50])"
44,5,5,1.6605863454118597,1.7054072218281882,1.4504372870756521,1.7054072218281882,1.48683762550354,7.755829811096191,0.001,32,bgmm,0,0,0,"('SimpleRNN', [50, 50])"
45,5,6,1.649967338383378,1.689917455826487,1.4515587360494666,1.689917455826487,1.4508211612701416,9.318398475646973,0.001,32,bgmm,0,0,0,"('SimpleRNN', [50, 50])"
46,5,7,1.641856802914438,1.6774382442235947,1.447539709094498,1.6774382442235947,1.4658598899841309,10.867769956588745,0.001,32,bgmm,0,0,0,"('SimpleRNN', [50, 50])"
47,5,8,1.6383195866991025,1.6832507222890853,1.4693877204424806,1.6832507222890853,1.4448537826538086,12.403569459915161,0.001,32,bgmm,0,0,0,"('SimpleRNN', [50, 50])"
48,5,9,1.6344857280708152,1.6601667991706304,1.4633706621825695,1.6601667991706304,1.4582581520080566,13.954738855361938,0.001,32,bgmm,0,0,0,"('SimpleRNN', [50, 50])"
49,5,10,1.6348814993106346,1.6731689023120062,1.4662208209435146,1.6731689023120062,1.455603837966919,15.500858068466187,0.001,32,bgmm,0,0,0,"('SimpleRNN', [50, 50])"
50,6,1,2.063632245523384,1.6185302914216602,1.8223710592303957,1.6185302914216602,0.5478525161743164,0.5632338523864746,0.001,32,bgmm,0,0,1,"('VGLM', [])"
51,6,2,1.692586646381631,1.4772673302340782,1.679698777385056,1.4772673302340782,0.5305473804473877,1.1859917640686035,0.001,32,bgmm,0,0,1,"('VGLM', [])"
52,6,3,1.598119768931205,1.4192003695101574,1.583836184415434,1.4192003695101574,0.5224740505218506,1.7866408824920654,0.001,32,bgmm,0,0,1,"('VGLM', [])"
53,6,4,1.5419064196028622,1.3634721754953778,1.5342052851670556,1.3634721754953778,0.5300252437591553,2.3907206058502197,0.001,32,bgmm,0,0,1,"('VGLM', [])"
54,6,5,1.5162879709737846,1.3474084443744572,1.504718495133732,1.3474084443744572,0.5260319709777832,2.997804880142212,0.001,32,bgmm,0,0,1,"('VGLM', [])"
55,6,6,1.4907557881740203,1.32821442443749,1.4843330407249076,1.32821442443749,0.5374431610107422,3.642066240310669,0.001,32,bgmm,0,0,1,"('VGLM', [])"
56,6,7,1.4822624368839954,1.319451789617881,1.476341696988259,1.319451789617881,0.5344300270080566,4.254673480987549,0.001,32,bgmm,0,0,1,"('VGLM', [])"
57,6,8,1.4642169100333409,1.3058175298588715,1.4667827098497324,1.3058175298588715,0.5383663177490234,4.871504545211792,0.001,32,bgmm,0,0,1,"('VGLM', [])"
58,6,9,1.4622988033007427,1.3017811528995804,1.4632806269052838,1.3017811528995804,0.5349805355072021,5.491045236587524,0.001,32,bgmm,0,0,1,"('VGLM', [])"
59,6,10,1.455250750105065,1.2918801854054134,1.4610556127237422,1.2918801854054134,0.5362684726715088,6.115341663360596,0.001,32,bgmm,0,0,1,"('VGLM', [])"
60,7,1,1.8244414395955673,1.4637564785521606,1.5718643361968654,1.4637564785521606,0.647113561630249,0.6516826152801514,0.001,32,bgmm,0,0,1,"('MLP', [10])"
61,7,2,1.540144587182496,1.3744076706212143,1.4992206232356173,1.3744076706212143,0.6627929210662842,1.4388556480407715,0.001,32,bgmm,0,0,1,"('MLP', [10])"
62,7,3,1.4948501791580613,1.3448711290270432,1.4819288710132241,1.3448711290270432,0.652958869934082,2.159703254699707,0.001,32,bgmm,0,0,1,"('MLP', [10])"
63,7,4,1.4648574685834976,1.3189662179385109,1.468748917137938,1.3189662179385109,0.6518728733062744,2.8840155601501465,0.001,32,bgmm,0,0,1,"('MLP', [10])"
64,7,5,1.4490744832409435,1.3057390199653034,1.4621213373861142,1.3057390199653034,0.6542425155639648,3.6097607612609863,0.001,32,bgmm,0,0,1,"('MLP', [10])"
65,7,6,1.4298059500708997,1.290722692235448,1.4549255411672806,1.290722692235448,0.6653885841369629,4.354779481887817,0.001,32,bgmm,0,0,1,"('MLP', [10])"
66,7,7,1.4210159568318042,1.2814143534278732,1.4462944228601242,1.2814143534278732,0.6509952545166016,5.073374032974243,0.001,32,bgmm,0,0,1,"('MLP', [10])"
67,7,8,1.4154761471303112,1.2790613713535084,1.4404206554671484,1.2790613713535084,0.6484889984130859,5.8025407791137695,0.001,32,bgmm,0,0,1,"('MLP', [10])"
68,7,9,1.4105839973472687,1.2725722076820916,1.439056214676904,1.2725722076820916,0.6510121822357178,6.5190370082855225,0.001,32,bgmm,0,0,1,"('MLP', [10])"
69,7,10,1.4077139249049038,1.2689856295099204,1.4392966463097505,1.2689856295099204,0.6433911323547363,7.233822584152222,0.001,32,bgmm,0,0,1,"('MLP', [10])"
70,8,1,2.596604507315195,1.7649984772122183,2.0524170284921475,1.7649984772122183,1.4221725463867188,1.424884557723999,0.001,32,bgmm,0,0,1,"('SimpleRNN', [10])"
71,8,2,1.885814514585132,1.6248280267382778,1.8417096999558535,1.6248280267382778,1.426804780960083,2.913198947906494,0.001,32,bgmm,0,0,1,"('SimpleRNN', [10])"
72,8,3,1.8039538143624712,1.588950708161953,1.7415837526321412,1.588950708161953,1.4496185779571533,4.424453020095825,0.001,32,bgmm,0,0,1,"('SimpleRNN', [10])"
73,8,4,1.7562276085337842,1.5690744318241296,1.7001633562824943,1.5690744318241296,1.4457879066467285,5.938389301300049,0.001,32,bgmm,0,0,1,"('SimpleRNN', [10])"
74,8,5,1.7270198458991382,1.5525921957437383,1.6614935544404117,1.5525921957437383,1.4380910396575928,7.458115339279175,0.001,32,bgmm,0,0,1,"('SimpleRNN', [10])"
75,8,6,1.705421194209073,1.5649325033259947,1.6361580518159,1.5649325033259947,1.437401294708252,8.969156503677368,0.001,32,bgmm,0,0,1,"('SimpleRNN', [10])"
76,8,7,1.6687321893398135,1.525059092876523,1.6119935339147395,1.525059092876523,1.4426779747009277,10.471517562866211,0.001,32,bgmm,0,0,1,"('SimpleRNN', [10])"
77,8,8,1.6495910686668673,1.5170230553593747,1.5993149611082944,1.5170230553593747,1.4376811981201172,11.980544328689575,0.001,32,bgmm,0,0,1,"('SimpleRNN', [10])"
78,8,9,1.641487608863508,1.4940990455621896,1.5918003022670746,1.4940990455621896,1.433964729309082,13.490306615829468,0.001,32,bgmm,0,0,1,"('SimpleRNN', [10])"
79,8,10,1.6423496357263756,1.5147276389044384,1.5893428509885614,1.5147276389044384,1.4622843265533447,15.029341220855713,0.001,32,bgmm,0,0,1,"('SimpleRNN', [10])"
80,9,1,1.6684581258569855,1.3048719446892025,1.4603376231555427,1.3048719446892025,0.7057840824127197,0.7084133625030518,0.001,32,bgmm,0,0,1,"('MLP', [50, 50])"
81,9,2,1.4361389861049423,1.2854414506890308,1.43844707403332,1.2854414506890308,0.7480611801147461,1.537510871887207,0.001,32,bgmm,0,0,1,"('MLP', [50, 50])"
82,9,3,1.4095917385385697,1.2806646497813108,1.4624729102610476,1.2806646497813108,0.7416765689849854,2.370997428894043,0.001,32,bgmm,0,0,1,"('MLP', [50, 50])"
83,9,4,1.3914341427475574,1.2713504652439178,1.4383823619490224,1.2713504652439178,0.7323880195617676,3.2085700035095215,0.001,32,bgmm,0,0,1,"('MLP', [50, 50])"
84,9,5,1.3734869441713196,1.2763271154300577,1.4274674401552017,1.2763271154300577,0.740220308303833,4.032608509063721,0.001,32,bgmm,0,0,1,"('MLP', [50, 50])"
85,9,6,1.3607882408268122,1.2683535724578576,1.4338874542154372,1.2683535724578576,0.7441790103912354,4.857166051864624,0.001,32,bgmm,0,0,1,"('MLP', [50, 50])"
86,9,7,1.3494716549224883,1.2718484982548433,1.443611946688699,1.2718484982548433,0.7414226531982422,5.682041645050049,0.001,32,bgmm,0,0,1,"('MLP', [50, 50])"
87,9,8,1.3401925763092846,1.2943411715457152,1.4568514817926501,1.2943411715457152,0.7493941783905029,6.507553577423096,0.001,32,bgmm,0,0,1,"('MLP', [50, 50])"
88,9,9,1.3312793258263405,1.3164682286395424,1.4185049755365722,1.3164682286395424,0.7602105140686035,7.346431732177734,0.001,32,bgmm,0,0,1,"('MLP', [50, 50])"
89,9,10,1.3235560034412936,1.295983183947017,1.4395426939175064,1.295983183947017,0.7457382678985596,8.172095775604248,0.001,32,bgmm,0,0,1,"('MLP', [50, 50])"
90,10,1,2.231504084480493,2.1148905813000924,2.1069287170063364,2.1148905813000924,1.4837510585784912,1.4894003868103027,0.001,32,bgmm,0,0,1,"('SimpleRNN', [50, 50])"
91,10,2,1.8679955002044262,1.9813825366801994,1.9040995050560345,1.9813825366801994,1.4964499473571777,3.067091464996338,0.001,32,bgmm,0,0,1,"('SimpleRNN', [50, 50])"
92,10,3,1.7921182954419415,1.8457750906777937,1.7852384767749092,1.8457750906777937,1.5021946430206299,4.665546178817749,0.001,32,bgmm,0,0,1,"('SimpleRNN', [50, 50])"
93,10,4,1.7475637970013922,1.793860018599865,1.7436449365182356,1.793860018599865,1.492565393447876,6.230172157287598,0.001,32,bgmm,0,0,1,"('SimpleRNN', [50, 50])"
94,10,5,1.7296409322415953,1.7503423566041991,1.6889700336889788,1.7503423566041991,1.4942402839660645,7.807916164398193,0.001,32,bgmm,0,0,1,"('SimpleRNN', [50, 50])"
95,10,6,1.71120674588529,1.6704868785170621,1.687996457381682,1.6704868785170621,1.493938684463501,9.375532627105713,0.001,32,bgmm,0,0,1,"('SimpleRNN', [50, 50])"
96,10,7,1.6984781415801034,1.609414927141611,1.6652105656537142,1.609414927141611,1.4900386333465576,10.957509756088257,0.001,32,bgmm,0,0,1,"('SimpleRNN', [50, 50])"
97,10,8,1.6606460543197448,1.5307025424269742,1.6198914907195352,1.5307025424269742,1.49072265625,12.525449275970459,0.001,32,bgmm,0,0,1,"('SimpleRNN', [50, 50])"
98,10,9,1.6488560227469016,1.517019548041876,1.60613820661198,1.517019548041876,1.4821209907531738,14.09071159362793,0.001,32,bgmm,0,0,1,"('SimpleRNN', [50, 50])"
99,10,10,1.6411312757301906,1.5109416485525842,1.584333257783543,1.5109416485525842,1.4884974956512451,15.665062665939331,0.001,32,bgmm,0,0,1,"('SimpleRNN', [50, 50])"
100,11,1,1.8404629341302774,1.6633496072100498,2.2640397141377133,1.6633496072100498,0.5226867198944092,0.5277152061462402,0.001,32,bgmm,0,0,2,"('VGLM', [])"
101,11,2,1.602181344651259,1.5588684774849606,2.1178104748328526,1.5588684774849606,0.521820068359375,1.1026747226715088,0.001,32,bgmm,0,0,2,"('VGLM', [])"
102,11,3,1.5203624073511515,1.4511307822219257,1.9786553806066514,1.4511307822219257,0.5259878635406494,1.6813793182373047,0.001,32,bgmm,0,0,2,"('VGLM', [])"
103,11,4,1.4783078716733518,1.4117105352296226,1.9057383575042088,1.4117105352296226,0.5353825092315674,2.2870495319366455,0.001,32,bgmm,0,0,2,"('VGLM', [])"
104,11,5,1.4539878849799817,1.3693029616756,1.83626946747303,1.3693029616756,0.5261321067810059,2.866868495941162,0.001,32,bgmm,0,0,2,"('VGLM', [])"
105,11,6,1.4372214772380316,1.365822948601054,1.824271131058534,1.365822948601054,0.5326344966888428,3.467249870300293,0.001,32,bgmm,0,0,2,"('VGLM', [])"
106,11,7,1.4269406367570927,1.337972712799393,1.7810051598151524,1.337972712799393,0.5212976932525635,4.047622203826904,0.001,32,bgmm,0,0,2,"('VGLM', [])"
107,11,8,1.4186881175025916,1.321228209411961,1.7637694024046262,1.321228209411961,0.5258474349975586,4.628059148788452,0.001,32,bgmm,0,0,2,"('VGLM', [])"
108,11,9,1.4143844449367278,1.326272921229916,1.751220313211282,1.326272921229916,0.5263192653656006,5.209085702896118,0.001,32,bgmm,0,0,2,"('VGLM', [])"
109,11,10,1.409774827078367,1.3112699058891713,1.7270861086746057,1.3112699058891713,0.5304732322692871,5.782240152359009,0.001,32,bgmm,0,0,2,"('VGLM', [])"
110,12,1,1.727793021270862,1.412369119453019,1.8591453528404236,1.412369119453019,0.6280603408813477,0.6306030750274658,0.001,32,bgmm,0,0,2,"('MLP', [10])"
111,12,2,1.4627791838004038,1.331984394797306,1.787219925324122,1.331984394797306,0.6254963874816895,1.300161600112915,0.001,32,bgmm,0,0,2,"('MLP', [10])"
112,12,3,1.4291331000052965,1.3075986462591709,1.744937456647555,1.3075986462591709,0.6240277290344238,1.9664511680603027,0.001,32,bgmm,0,0,2,"('MLP', [10])"
113,12,4,1.4117206940666223,1.2902367651548194,1.7179698138435682,1.2902367651548194,0.6502339839935303,2.6807286739349365,0.001,32,bgmm,0,0,2,"('MLP', [10])"
114,12,5,1.3985741002819476,1.2780224054880527,1.7073475247621537,1.2780224054880527,0.6479945182800293,3.4115283489227295,0.001,32,bgmm,0,0,2,"('MLP', [10])"
115,12,6,1.3894980129523156,1.2964037723154171,1.7291771254936854,1.2964037723154171,0.6422972679138184,4.13555645942688,0.001,32,bgmm,0,0,2,"('MLP', [10])"
116,12,7,1.3827856832589858,1.274531549720586,1.6982310122251512,1.274531549720586,0.6633682250976562,4.8463826179504395,0.001,32,bgmm,0,0,2,"('MLP', [10])"
117,12,8,1.375964924502067,1.2751680856206635,1.6891107766330242,1.2751680856206635,0.6420927047729492,5.576711177825928,0.001,32,bgmm,0,0,2,"('MLP', [10])"
118,12,9,1.3719939077511811,1.2661640094700215,1.6801528706153235,1.2661640094700215,0.654850959777832,6.2937750816345215,0.001,32,bgmm,0,0,2,"('MLP', [10])"
119,12,10,1.3682504657369394,1.2806301073695736,1.6942039635777473,1.2806301073695736,0.6497225761413574,7.022574186325073,0.001,32,bgmm,0,0,2,"('MLP', [10])"
120,13,1,1.984059638149102,1.8715402009182198,2.3642860002614356,1.8715402009182198,1.4214856624603271,1.4249236583709717,0.001,32,bgmm,0,0,2,"('SimpleRNN', [10])"
121,13,2,1.6527113856993305,1.5895980135645977,2.0680016009388744,1.5895980135645977,1.4173989295959473,2.8827011585235596,0.001,32,bgmm,0,0,2,"('SimpleRNN', [10])"
122,13,3,1.5930013089317985,1.5244743730439696,1.994721369566144,1.5244743730439696,1.3490214347839355,4.274356365203857,0.001,32,bgmm,0,0,2,"('SimpleRNN', [10])"
123,13,4,1.5763505041790928,1.5185186537199242,1.9771450041113674,1.5185186537199242,1.2360706329345703,5.54350733757019,0.001,32,bgmm,0,0,2,"('SimpleRNN', [10])"
124,13,5,1.567645286440466,1.5258054119902988,1.977656962098302,1.5258054119902988,1.2406673431396484,6.820548057556152,0.001,32,bgmm,0,0,2,"('SimpleRNN', [10])"
125,13,6,1.561813914124222,1.5091456434754438,1.97127713182488,1.5091456434754438,1.2380461692810059,8.093497276306152,0.001,32,bgmm,0,0,2,"('SimpleRNN', [10])"
126,13,7,1.558832386682271,1.5128142067859338,1.9472766840780102,1.5128142067859338,1.2362382411956787,9.363471984863281,0.001,32,bgmm,0,0,2,"('SimpleRNN', [10])"
127,13,8,1.5570340122057311,1.4916045305340788,1.946075271915745,1.4916045305340788,1.2379326820373535,10.630921840667725,0.001,32,bgmm,0,0,2,"('SimpleRNN', [10])"
128,13,9,1.558699564535135,1.495018825281498,1.9305827915668488,1.495018825281498,1.2364718914031982,11.899099111557007,0.001,32,bgmm,0,0,2,"('SimpleRNN', [10])"
129,13,10,1.5576202771671332,1.4856040758448978,1.9305713974140786,1.4856040758448978,1.2372798919677734,13.165446043014526,0.001,32,bgmm,0,0,2,"('SimpleRNN', [10])"
130,14,1,1.5795777694155009,1.3184043573237014,1.737833612561226,1.3184043573237014,0.5841143131256104,0.5868382453918457,0.001,32,bgmm,0,0,2,"('MLP', [50, 50])"
131,14,2,1.3974724960250733,1.2898904027781268,1.7075705116987228,1.2898904027781268,0.5795722007751465,1.2131946086883545,0.001,32,bgmm,0,0,2,"('MLP', [50, 50])"
132,14,3,1.3725622068995085,1.2801365104300537,1.6950380315383275,1.2801365104300537,0.5819370746612549,1.834010124206543,0.001,32,bgmm,0,0,2,"('MLP', [50, 50])"
133,14,4,1.353575207101993,1.298038592604899,1.7043244083970785,1.298038592604899,0.5846695899963379,2.4675941467285156,0.001,32,bgmm,0,0,2,"('MLP', [50, 50])"
134,14,5,1.341318282752465,1.2725015511072573,1.6782303254306317,1.2725015511072573,0.5847330093383789,3.102675676345825,0.001,32,bgmm,0,0,2,"('MLP', [50, 50])"
135,14,6,1.3295261080448444,1.2724663367944544,1.645222316881021,1.2724663367944544,0.5802586078643799,3.7322518825531006,0.001,32,bgmm,0,0,2,"('MLP', [50, 50])"
136,14,7,1.3200436626107266,1.2690463971624943,1.6754947851101558,1.2690463971624943,0.5848679542541504,4.37394905090332,0.001,32,bgmm,0,0,2,"('MLP', [50, 50])"
137,14,8,1.3110318344372969,1.2716913714191351,1.6745409323771794,1.2716913714191351,0.5815720558166504,4.997172594070435,0.001,32,bgmm,0,0,2,"('MLP', [50, 50])"
138,14,9,1.3051728159189224,1.3291434710417156,1.768973384052515,1.3291434710417156,0.5996880531311035,5.688820123672485,0.001,32,bgmm,0,0,2,"('MLP', [50, 50])"
139,14,10,1.2935659982837164,1.292837471454993,1.6632907065749167,1.292837471454993,0.5805525779724121,6.306102991104126,0.001,32,bgmm,0,0,2,"('MLP', [50, 50])"
140,15,1,2.641180048418198,1.846733266531035,2.4223393999241494,1.846733266531035,1.2462031841278076,1.2480146884918213,0.001,32,bgmm,0,0,2,"('SimpleRNN', [50, 50])"
141,15,2,1.820214199483203,1.666105143206064,2.211287609225995,1.666105143206064,1.2399578094482422,2.522263288497925,0.001,32,bgmm,0,0,2,"('SimpleRNN', [50, 50])"
142,15,3,1.7534401723426254,1.5898036773121633,2.1026680509786346,1.5898036773121633,1.2383084297180176,3.796243906021118,0.001,32,bgmm,0,0,2,"('SimpleRNN', [50, 50])"
143,15,4,1.6940716148572719,1.5781768286644027,2.0823443813903912,1.5781768286644027,1.255021572113037,5.113968372344971,0.001,32,bgmm,0,0,2,"('SimpleRNN', [50, 50])"
144,15,5,1.6541922908887219,1.559044796713563,2.062792720021428,1.559044796713563,1.2489850521087646,6.419109344482422,0.001,32,bgmm,0,0,2,"('SimpleRNN', [50, 50])"
145,15,6,1.6160180127889014,1.539425088915714,2.031512684918739,1.539425088915714,1.3965420722961426,7.853915452957153,0.001,32,bgmm,0,0,2,"('SimpleRNN', [50, 50])"
146,15,7,1.5886944179749565,1.5039736160705255,2.0071638737981385,1.5039736160705255,1.4021856784820557,9.32307744026184,0.001,32,bgmm,0,0,2,"('SimpleRNN', [50, 50])"
147,15,8,1.5732863999639677,1.5188351024028868,1.995887153051995,1.5188351024028868,1.4201738834381104,10.831031560897827,0.001,32,bgmm,0,0,2,"('SimpleRNN', [50, 50])"
148,15,9,1.5697435554584123,1.5134844606698945,1.9731955129552532,1.5134844606698945,1.4049763679504395,12.30531358718872,0.001,32,bgmm,0,0,2,"('SimpleRNN', [50, 50])"
149,15,10,1.5573034945791557,1.4888640565927638,1.968238885740976,1.4888640565927638,1.4140498638153076,13.789798974990845,0.001,32,bgmm,0,0,2,"('SimpleRNN', [50, 50])"
150,16,1,3.648093922874507,1.5583887679138402,1.7414063976166096,1.5583887679138402,0.5479650497436523,0.5510261058807373,0.001,32,bgmm,0,0,3,"('VGLM', [])"
151,16,2,1.720991328533958,1.4505130556979398,1.6479594918324592,1.4505130556979398,0.5436763763427734,1.1314268112182617,0.001,32,bgmm,0,0,3,"('VGLM', [])"
152,16,3,1.5992739219875898,1.4007897327343624,1.5982045100090352,1.4007897327343624,0.5420763492584229,1.7092061042785645,0.001,32,bgmm,0,0,3,"('VGLM', [])"
153,16,4,1.5455401087508482,1.361760077634077,1.5730593640436517,1.361760077634077,0.5443761348724365,2.2885100841522217,0.001,32,bgmm,0,0,3,"('VGLM', [])"
154,16,5,1.5116377790184583,1.3484957979499608,1.5493080577951797,1.3484957979499608,0.5271964073181152,2.853668689727783,0.001,32,bgmm,0,0,3,"('VGLM', [])"
155,16,6,1.4919148022637647,1.3306188054982273,1.53475226018023,1.3306188054982273,0.44545722007751465,3.3263511657714844,0.001,32,bgmm,0,0,3,"('VGLM', [])"
156,16,7,1.4751695152591258,1.315499408149171,1.5299022544096126,1.315499408149171,0.446486234664917,3.8009533882141113,0.001,32,bgmm,0,0,3,"('VGLM', [])"
157,16,8,1.4644073242650313,1.3095506885699157,1.5186240967125335,1.3095506885699157,0.4466686248779297,4.274996519088745,0.001,32,bgmm,0,0,3,"('VGLM', [])"
158,16,9,1.4559507638216018,1.3023252151478295,1.5101480587048735,1.3023252151478295,0.4476947784423828,4.7489800453186035,0.001,32,bgmm,0,0,3,"('VGLM', [])"
159,16,10,1.4497458237058976,1.292015696351213,1.5074706245610054,1.292015696351213,0.4463980197906494,5.224990367889404,0.001,32,bgmm,0,0,3,"('VGLM', [])"
160,17,1,1.7131313395850798,1.3598232901301877,1.5243710713817717,1.3598232901301877,0.5623998641967773,0.5655951499938965,0.001,32,bgmm,0,0,3,"('MLP', [10])"
161,17,2,1.4863347952856738,1.3323421406334843,1.5090454011521441,1.3323421406334843,0.538149356842041,1.1396033763885498,0.001,32,bgmm,0,0,3,"('MLP', [10])"
162,17,3,1.4598338468986398,1.3217191984341747,1.4957513595198064,1.3217191984341747,0.5417060852050781,1.714977502822876,0.001,32,bgmm,0,0,3,"('MLP', [10])"
163,17,4,1.4432701989131815,1.305129147380933,1.4904089662781421,1.305129147380933,0.5393407344818115,2.2896084785461426,0.001,32,bgmm,0,0,3,"('MLP', [10])"
164,17,5,1.432576647400856,1.3028266204242733,1.4844117199486875,1.3028266204242733,0.5410757064819336,2.8669209480285645,0.001,32,bgmm,0,0,3,"('MLP', [10])"
165,17,6,1.4238934844732285,1.298028371757132,1.4713579595406006,1.298028371757132,0.5374560356140137,3.439730644226074,0.001,32,bgmm,0,0,3,"('MLP', [10])"
166,17,7,1.4172883496564976,1.289896695821107,1.461091077470399,1.289896695821107,0.5543506145477295,4.059505462646484,0.001,32,bgmm,0,0,3,"('MLP', [10])"
167,17,8,1.4121313016204273,1.2859706091212815,1.4570537566187534,1.2859706091212815,0.5611591339111328,4.705222845077515,0.001,32,bgmm,0,0,3,"('MLP', [10])"
168,17,9,1.406734918496188,1.2887132711622906,1.4616086988690051,1.2887132711622906,0.563798189163208,5.34767746925354,0.001,32,bgmm,0,0,3,"('MLP', [10])"
169,17,10,1.4044211173758787,1.2812331064293783,1.4551849272498425,1.2812331064293783,0.5734591484069824,5.987975120544434,0.001,32,bgmm,0,0,3,"('MLP', [10])"
170,18,1,2.6244909348389394,1.7936296871928281,1.8570040963266208,1.7936296871928281,1.312364101409912,1.3142876625061035,0.001,32,bgmm,0,0,3,"('SimpleRNN', [10])"
171,18,2,1.9714985709626414,1.7211135539204576,1.7863064997869988,1.7211135539204576,1.2989306449890137,2.6529808044433594,0.001,32,bgmm,0,0,3,"('SimpleRNN', [10])"
172,18,3,1.879201403761332,1.6361203470895456,1.725279583879139,1.6361203470895456,1.3156521320343018,4.020920753479004,0.001,32,bgmm,0,0,3,"('SimpleRNN', [10])"
173,18,4,1.8135612777552421,1.5812176119449526,1.6805804805911106,1.5812176119449526,1.322796106338501,5.4569456577301025,0.001,32,bgmm,0,0,3,"('SimpleRNN', [10])"
174,18,5,1.7649584836312804,1.5653253346681595,1.6424587103335753,1.5653253346681595,1.3199477195739746,6.839613676071167,0.001,32,bgmm,0,0,3,"('SimpleRNN', [10])"
175,18,6,1.7307880937525657,1.5403298396010732,1.5993808093278303,1.5403298396010732,1.3260507583618164,8.241369009017944,0.001,32,bgmm,0,0,3,"('SimpleRNN', [10])"
176,18,7,1.689329291515294,1.5174675708593324,1.5456784393476404,1.5174675708593324,1.3177449703216553,9.6324782371521,0.001,32,bgmm,0,0,3,"('SimpleRNN', [10])"
177,18,8,1.6672051705441995,1.4979565985674081,1.5410684159268504,1.4979565985674081,1.3137190341949463,11.010565042495728,0.001,32,bgmm,0,0,3,"('SimpleRNN', [10])"
178,18,9,1.6514686113965196,1.5051522688117138,1.5498073101043701,1.5051522688117138,1.3148236274719238,12.398286819458008,0.001,32,bgmm,0,0,3,"('SimpleRNN', [10])"
179,18,10,1.6445375993891804,1.4851420345001443,1.5471495493598606,1.4851420345001443,1.3249726295471191,13.793933153152466,0.001,32,bgmm,0,0,3,"('SimpleRNN', [10])"
180,19,1,1.5494216941735324,1.3036085092302026,1.5079355149510059,1.3036085092302026,0.6116936206817627,0.6134333610534668,0.001,32,bgmm,0,0,3,"('MLP', [50, 50])"
181,19,2,1.4272961656836902,1.2863918497473343,1.4839524619598339,1.2863918497473343,0.6079559326171875,1.266638994216919,0.001,32,bgmm,0,0,3,"('MLP', [50, 50])"
182,19,3,1.4071168315761229,1.2845247128186212,1.463801627146437,1.2845247128186212,0.6074364185333252,1.915968894958496,0.001,32,bgmm,0,0,3,"('MLP', [50, 50])"
183,19,4,1.3936654815779013,1.2489333384424106,1.4341525127913088,1.2489333384424106,0.6078169345855713,2.5664637088775635,0.001,32,bgmm,0,0,3,"('MLP', [50, 50])"
184,19,5,1.380504300489145,1.2494341646931295,1.4190990981903482,1.2494341646931295,0.6093747615814209,3.2221009731292725,0.001,32,bgmm,0,0,3,"('MLP', [50, 50])"
185,19,6,1.3698633190463572,1.261254127362165,1.420127154427006,1.261254127362165,0.6083536148071289,3.8701412677764893,0.001,32,bgmm,0,0,3,"('MLP', [50, 50])"
186,19,7,1.3592225947800805,1.2355232728516747,1.4036180824437674,1.2355232728516747,0.6094789505004883,4.5151073932647705,0.001,32,bgmm,0,0,3,"('MLP', [50, 50])"
187,19,8,1.3494837727616815,1.2628136101425036,1.4153414407467588,1.2628136101425036,0.6071884632110596,5.170107126235962,0.001,32,bgmm,0,0,3,"('MLP', [50, 50])"
188,19,9,1.3436391244916355,1.266120956621893,1.415455992075991,1.266120956621893,0.6083006858825684,5.8269383907318115,0.001,32,bgmm,0,0,3,"('MLP', [50, 50])"
189,19,10,1.3367009459172978,1.274798328688518,1.4006368651431291,1.274798328688518,0.6086430549621582,6.4733805656433105,0.001,32,bgmm,0,0,3,"('MLP', [50, 50])"
190,20,1,2.85480178105796,2.1900951730650524,2.025862840206727,2.1900951730650524,1.3083856105804443,1.3099749088287354,0.001,32,bgmm,0,0,3,"('SimpleRNN', [50, 50])"
191,20,2,2.0111113874609843,1.7816924431989358,1.7376160751218381,1.7816924431989358,1.3002912998199463,2.647797107696533,0.001,32,bgmm,0,0,3,"('SimpleRNN', [50, 50])"
192,20,3,1.8676703767438905,1.6443485887937768,1.6519013941287994,1.6443485887937768,1.3005163669586182,3.9841389656066895,0.001,32,bgmm,0,0,3,"('SimpleRNN', [50, 50])"
193,20,4,1.7895534449973993,1.5816085924242818,1.607071833766025,1.5816085924242818,1.303001880645752,5.331223487854004,0.001,32,bgmm,0,0,3,"('SimpleRNN', [50, 50])"
194,20,5,1.7453295126073831,1.5633689272542333,1.6000519874303236,1.5633689272542333,1.3154182434082031,6.7063939571380615,0.001,32,bgmm,0,0,3,"('SimpleRNN', [50, 50])"
195,20,6,1.7196896526314165,1.5394718563833902,1.5874579788550087,1.5394718563833902,1.3045551776885986,8.05709171295166,0.001,32,bgmm,0,0,3,"('SimpleRNN', [50, 50])"
196,20,7,1.7033365774998623,1.5121475534383642,1.5779199729795041,1.5121475534383642,1.31156587600708,9.416367053985596,0.001,32,bgmm,0,0,3,"('SimpleRNN', [50, 50])"
197,20,8,1.6691432604044236,1.5165153010640033,1.5609373515066893,1.5165153010640033,1.3063936233520508,10.765305042266846,0.001,32,bgmm,0,0,3,"('SimpleRNN', [50, 50])"
198,20,9,1.6466172655775133,1.5055992197851802,1.5439358224039492,1.5055992197851802,1.301454782485962,12.100841999053955,0.001,32,bgmm,0,0,3,"('SimpleRNN', [50, 50])"
199,20,10,1.6507051402488642,1.5146891550962316,1.5413282319255497,1.5146891550962316,1.3324034214019775,14.131942749023438,0.001,32,bgmm,0,0,3,"('SimpleRNN', [50, 50])"
200,21,1,1.9564036839348928,1.5735078830387175,2.276950985725437,1.5735078830387175,0.4626481533050537,0.46434617042541504,0.001,32,bgmm,0,0,4,"('VGLM', [])"
201,21,2,1.6463450120176588,1.4138769637985327,1.9481164749179567,1.4138769637985327,0.4533960819244385,0.94730544090271,0.001,32,bgmm,0,0,4,"('VGLM', [])"
202,21,3,1.561861675807408,1.3626862788169654,1.8165056628308125,1.3626862788169654,0.4520885944366455,1.4279472827911377,0.001,32,bgmm,0,0,4,"('VGLM', [])"
203,21,4,1.5217605672563825,1.3193408001175861,1.7013450618833303,1.3193408001175861,0.45210695266723633,1.9067816734313965,0.001,32,bgmm,0,0,4,"('VGLM', [])"
204,21,5,1.4988427647522518,1.3000141480534346,1.6446176078170538,1.3000141480534346,0.4527781009674072,2.387270212173462,0.001,32,bgmm,0,0,4,"('VGLM', [])"
205,21,6,1.4826179436274938,1.287651384114912,1.6044892652758531,1.287651384114912,0.452984094619751,2.8690826892852783,0.001,32,bgmm,0,0,4,"('VGLM', [])"
206,21,7,1.4767683446407318,1.2748744638310265,1.5737676749538099,1.2748744638310265,0.4534158706665039,3.3495960235595703,0.001,32,bgmm,0,0,4,"('VGLM', [])"
207,21,8,1.4681723589556557,1.2740103355080812,1.5584446010845048,1.2740103355080812,0.4541959762573242,3.8371310234069824,0.001,32,bgmm,0,0,4,"('VGLM', [])"
208,21,9,1.4616207664353507,1.2692676236872207,1.5496443780139089,1.2692676236872207,0.4619100093841553,4.342156171798706,0.001,32,bgmm,0,0,4,"('VGLM', [])"
209,21,10,1.4599761732986996,1.2645451005970694,1.5401885844767094,1.2645451005970694,0.459885835647583,4.853107452392578,0.001,32,bgmm,0,0,4,"('VGLM', [])"
210,22,1,1.7203113104615892,1.3295403798830878,1.7782091777771711,1.3295403798830878,0.5896937847137451,0.5932073593139648,0.001,32,bgmm,0,0,4,"('MLP', [10])"
211,22,2,1.501585132224219,1.271708040277368,1.6428904038454806,1.271708040277368,0.5668599605560303,1.2214434146881104,0.001,32,bgmm,0,0,4,"('MLP', [10])"
212,22,3,1.4720696565083096,1.2440798610986508,1.6012983496433921,1.2440798610986508,0.5742306709289551,1.8602070808410645,0.001,32,bgmm,0,0,4,"('MLP', [10])"
213,22,4,1.4576746925285884,1.2418579668113865,1.5612981231617076,1.2418579668113865,0.5652308464050293,2.4966676235198975,0.001,32,bgmm,0,0,4,"('MLP', [10])"
214,22,5,1.4472522481850216,1.2405915756124197,1.5470987634201134,1.2405915756124197,0.5768296718597412,3.1665892601013184,0.001,32,bgmm,0,0,4,"('MLP', [10])"
215,22,6,1.441378870691572,1.2281870599644087,1.5254966379808528,1.2281870599644087,0.5862009525299072,3.832873821258545,0.001,32,bgmm,0,0,4,"('MLP', [10])"
216,22,7,1.433064044713974,1.2217198672137923,1.5054856976494193,1.2217198672137923,0.5612876415252686,4.46504545211792,0.001,32,bgmm,0,0,4,"('MLP', [10])"
217,22,8,1.4285980872597013,1.2243893900406115,1.498197294239487,1.2243893900406115,0.5684525966644287,5.098018169403076,0.001,32,bgmm,0,0,4,"('MLP', [10])"
218,22,9,1.4261169360365187,1.2263463510526824,1.50275959047888,1.2263463510526824,0.5658152103424072,5.72934103012085,0.001,32,bgmm,0,0,4,"('MLP', [10])"
219,22,10,1.4242207033293588,1.2182918245107244,1.482629473720278,1.2182918245107244,0.5650737285614014,6.352638483047485,0.001,32,bgmm,0,0,4,"('MLP', [10])"
220,23,1,1.9011481850058438,1.5955174742266536,2.037705263605824,1.5955174742266536,1.5053918361663818,1.5076255798339844,0.001,32,bgmm,0,0,4,"('SimpleRNN', [10])"
221,23,2,1.7429626121220412,1.5036495352784793,1.9002521943162989,1.5036495352784793,1.482548475265503,3.0526070594787598,0.001,32,bgmm,0,0,4,"('SimpleRNN', [10])"
222,23,3,1.6895416483154952,1.4494396643713117,1.917816827694575,1.4494396643713117,1.5675067901611328,4.697439432144165,0.001,32,bgmm,0,0,4,"('SimpleRNN', [10])"
223,23,4,1.6677030852667583,1.4315688097849488,1.8871437267020896,1.4315688097849488,1.459348201751709,6.230224370956421,0.001,32,bgmm,0,0,4,"('SimpleRNN', [10])"
224,23,5,1.6602764817910072,1.4280918107057612,1.8766273381533447,1.4280918107057612,1.3434808254241943,7.647892475128174,0.001,32,bgmm,0,0,4,"('SimpleRNN', [10])"
225,23,6,1.6527342307875013,1.410251395466427,1.8329839143488142,1.410251395466427,1.3475046157836914,9.05459713935852,0.001,32,bgmm,0,0,4,"('SimpleRNN', [10])"
226,23,7,1.6565664921244099,1.4196299199635785,1.855697610863933,1.4196299199635785,1.3873200416564941,10.498411655426025,0.001,32,bgmm,0,0,4,"('SimpleRNN', [10])"
227,23,8,1.6492488859034542,1.4052272296200197,1.8510709879574951,1.4052272296200197,1.5143909454345703,12.067276000976562,0.001,32,bgmm,0,0,4,"('SimpleRNN', [10])"
228,23,9,1.6416207227460975,1.3967982220153015,1.8503070330178295,1.3967982220153015,1.5141780376434326,13.692437648773193,0.001,32,bgmm,0,0,4,"('SimpleRNN', [10])"
229,23,10,1.6522157458657862,1.4078683409218986,1.8440067381770522,1.4078683409218986,1.5113000869750977,15.26873779296875,0.001,32,bgmm,0,0,4,"('SimpleRNN', [10])"
230,24,1,1.5797065929004124,1.237374234214886,1.5623883006295987,1.237374234214886,0.7770116329193115,0.7817287445068359,0.001,32,bgmm,0,0,4,"('MLP', [50, 50])"
231,24,2,1.442444338287626,1.2016799385208137,1.5293946777071272,1.2016799385208137,0.7587416172027588,1.6436827182769775,0.001,32,bgmm,0,0,4,"('MLP', [50, 50])"
232,24,3,1.4189092610563552,1.2002449521084422,1.5100757624022663,1.2002449521084422,0.7626819610595703,2.503737449645996,0.001,32,bgmm,0,0,4,"('MLP', [50, 50])"
233,24,4,1.4050476631096431,1.1985285544441533,1.4967980797934746,1.1985285544441533,0.7468316555023193,3.347588062286377,0.001,32,bgmm,0,0,4,"('MLP', [50, 50])"
234,24,5,1.3925987049511501,1.2115741244219627,1.4954211783728428,1.2115741244219627,0.7432289123535156,4.222460508346558,0.001,32,bgmm,0,0,4,"('MLP', [50, 50])"
235,24,6,1.3840582191944122,1.1982327603840643,1.4951915257344288,1.1982327603840643,0.7675683498382568,5.06967830657959,0.001,32,bgmm,0,0,4,"('MLP', [50, 50])"
236,24,7,1.3738826382160187,1.2010105071570147,1.5141152016752,1.2010105071570147,0.7554144859313965,5.935288429260254,0.001,32,bgmm,0,0,4,"('MLP', [50, 50])"
237,24,8,1.3695533084869385,1.1935963213597376,1.5233091028806354,1.1935963213597376,0.770972490310669,6.801103115081787,0.001,32,bgmm,0,0,4,"('MLP', [50, 50])"
238,24,9,1.3604447952338627,1.1838555634981884,1.5293567679223738,1.1838555634981884,0.7636508941650391,7.664295196533203,0.001,32,bgmm,0,0,4,"('MLP', [50, 50])"
239,24,10,1.3551267104489462,1.189414992496448,1.5403094529839498,1.189414992496448,0.7732830047607422,8.546857833862305,0.001,32,bgmm,0,0,4,"('MLP', [50, 50])"
240,25,1,2.2964741165795095,1.6423139016454418,2.2998277368368925,1.6423139016454418,1.5235626697540283,1.5262172222137451,0.001,32,bgmm,0,0,4,"('SimpleRNN', [50, 50])"
241,25,2,1.8599000540708743,1.4994806135073304,2.020834067353496,1.4994806135073304,1.4410502910614014,3.0145366191864014,0.001,32,bgmm,0,0,4,"('SimpleRNN', [50, 50])"
242,25,3,1.756364012515989,1.447068680698673,1.9611447839825242,1.447068680698673,1.3324394226074219,4.386757850646973,0.001,32,bgmm,0,0,4,"('SimpleRNN', [50, 50])"
243,25,4,1.715923109505443,1.4266707229738433,1.8659266741187484,1.4266707229738433,1.4381718635559082,5.864903688430786,0.001,32,bgmm,0,0,4,"('SimpleRNN', [50, 50])"
244,25,5,1.685961679606178,1.4046905478462577,1.8704614087387368,1.4046905478462577,1.5405678749084473,7.501828670501709,0.001,32,bgmm,0,0,4,"('SimpleRNN', [50, 50])"
245,25,6,1.676626686380381,1.3862699468930562,1.8356206737182759,1.3862699468930562,1.5036866664886475,9.093829870223999,0.001,32,bgmm,0,0,4,"('SimpleRNN', [50, 50])"
246,25,7,1.655297220948774,1.399934280353288,1.8456689682271745,1.399934280353288,1.5359387397766113,10.705331325531006,0.001,32,bgmm,0,0,4,"('SimpleRNN', [50, 50])"
247,25,8,1.6543772958411187,1.3914627122382324,1.8680955756593633,1.3914627122382324,1.5423569679260254,12.339852333068848,0.001,32,bgmm,0,0,4,"('SimpleRNN', [50, 50])"
248,25,9,1.658623453880791,1.3852727509414156,1.8343693989294547,1.3852727509414156,1.5513432025909424,13.966287612915039,0.001,32,bgmm,0,0,4,"('SimpleRNN', [50, 50])"
249,25,10,1.649859921296893,1.381251160055399,1.8343931922206171,1.381251160055399,1.5393657684326172,15.589579105377197,0.001,32,bgmm,0,0,4,"('SimpleRNN', [50, 50])"
250,26,1,2.0627844425215236,1.5666832944442486,2.074590913951397,1.5666832944442486,0.5980498790740967,0.6013457775115967,0.001,32,bgmm,0,0,5,"('VGLM', [])"
251,26,2,1.6358220010563946,1.4445522794093208,1.9737019490982806,1.4445522794093208,0.5734589099884033,1.2402026653289795,0.001,32,bgmm,0,0,5,"('VGLM', [])"
252,26,3,1.5455027663189431,1.3914905699162647,1.9302082858270122,1.3914905699162647,0.5495221614837646,1.863821268081665,0.001,32,bgmm,0,0,5,"('VGLM', [])"
253,26,4,1.500749995743019,1.3491826711714954,1.9069271268589156,1.3491826711714954,0.5320000648498535,2.4485208988189697,0.001,32,bgmm,0,0,5,"('VGLM', [])"
254,26,5,1.4748358444891114,1.3247340766862892,1.921464986921776,1.3247340766862892,0.5618541240692139,3.0880627632141113,0.001,32,bgmm,0,0,5,"('VGLM', [])"
255,26,6,1.4582707586495773,1.3182544922349098,1.9266278778335877,1.3182544922349098,0.5617876052856445,3.7117419242858887,0.001,32,bgmm,0,0,5,"('VGLM', [])"
256,26,7,1.4484512781751329,1.3066061745001667,1.83808251177626,1.3066061745001667,0.5418000221252441,4.319666385650635,0.001,32,bgmm,0,0,5,"('VGLM', [])"
257,26,8,1.4409223934878475,1.3035685355807174,1.8427347509811323,1.3035685355807174,0.5732989311218262,4.9835145473480225,0.001,32,bgmm,0,0,5,"('VGLM', [])"
258,26,9,1.4351638947708019,1.2982693190804158,1.862037555536344,1.2982693190804158,0.5647828578948975,5.615020513534546,0.001,32,bgmm,0,0,5,"('VGLM', [])"
259,26,10,1.4309426990108214,1.293788109745445,1.8852804813179231,1.293788109745445,0.5935182571411133,6.280709743499756,0.001,32,bgmm,0,0,5,"('VGLM', [])"
260,27,1,1.7848398429760035,1.3754025925507491,1.9584549026829856,1.3754025925507491,0.6747033596038818,0.680842399597168,0.001,32,bgmm,0,0,5,"('MLP', [10])"
261,27,2,1.4741520390994307,1.3293041017377514,1.8073376583911123,1.3293041017377514,0.6804013252258301,1.4574267864227295,0.001,32,bgmm,0,0,5,"('MLP', [10])"
262,27,3,1.4401836687240048,1.3156868599612137,1.792486507977758,1.3156868599612137,0.6647813320159912,2.228680372238159,0.001,32,bgmm,0,0,5,"('MLP', [10])"
263,27,4,1.4233874350354292,1.2944092253843944,1.7152042631059885,1.2944092253843944,0.6729340553283691,2.9840948581695557,0.001,32,bgmm,0,0,5,"('MLP', [10])"
264,27,5,1.4126430159029753,1.2957058858083583,1.6764724720269442,1.2957058858083583,0.6911022663116455,3.840670108795166,0.001,32,bgmm,0,0,5,"('MLP', [10])"
265,27,6,1.404842219663703,1.2912905601163704,1.6851382544707685,1.2912905601163704,0.7287733554840088,4.63331937789917,0.001,32,bgmm,0,0,5,"('MLP', [10])"
266,27,7,1.4003175260364145,1.2837987838462852,1.6672982466185378,1.2837987838462852,0.7267618179321289,5.4273903369903564,0.001,32,bgmm,0,0,5,"('MLP', [10])"
267,27,8,1.3960413378217946,1.29641109653588,1.701671759908398,1.29641109653588,0.7039544582366943,6.20575213432312,0.001,32,bgmm,0,0,5,"('MLP', [10])"
268,27,9,1.3925633449485337,1.283661902036475,1.677757555796277,1.283661902036475,0.7526030540466309,7.017671585083008,0.001,32,bgmm,0,0,5,"('MLP', [10])"
269,27,10,1.3887088050013003,1.2776718480919285,1.6487782358058862,1.2776718480919285,0.7048208713531494,7.790982007980347,0.001,32,bgmm,0,0,5,"('MLP', [10])"
270,28,1,2.3309665440126905,1.731044256756472,3.370133610708373,1.731044256756472,1.5355303287506104,1.5393548011779785,0.001,32,bgmm,0,0,5,"('SimpleRNN', [10])"
271,28,2,1.8021108532367751,1.6052981732889664,3.5597623600846244,1.6052981732889664,1.539067029953003,3.1574671268463135,0.001,32,bgmm,0,0,5,"('SimpleRNN', [10])"
272,28,3,1.7080609302881151,1.5570927622706392,3.9564852643580664,1.5570927622706392,1.5227718353271484,4.763951778411865,0.001,32,bgmm,0,0,5,"('SimpleRNN', [10])"
273,28,4,1.674127698984257,1.5305479508499766,4.100670177312124,1.5305479508499766,1.5192651748657227,6.356033802032471,0.001,32,bgmm,0,0,5,"('SimpleRNN', [10])"
274,28,5,1.6274894812079364,1.5096120155134867,4.118642176191012,1.5096120155134867,1.5263941287994385,8.011944055557251,0.001,32,bgmm,0,0,5,"('SimpleRNN', [10])"
275,28,6,1.6153944141642993,1.5007074627765389,4.69073274022057,1.5007074627765389,1.5303866863250732,9.619944095611572,0.001,32,bgmm,0,0,5,"('SimpleRNN', [10])"
276,28,7,1.6041029783528904,1.509912182078805,4.433023603189559,1.509912182078805,1.5308403968811035,11.223829984664917,0.001,32,bgmm,0,0,5,"('SimpleRNN', [10])"
277,28,8,1.5980489967867386,1.5043340079313101,3.85593442547889,1.5043340079313101,1.5338659286499023,12.823909282684326,0.001,32,bgmm,0,0,5,"('SimpleRNN', [10])"
278,28,9,1.5980029081882432,1.4981100035961283,3.032404512166977,1.4981100035961283,1.5532913208007812,14.428258895874023,0.001,32,bgmm,0,0,5,"('SimpleRNN', [10])"
279,28,10,1.5954613099957622,1.498307424229245,2.506405397540047,1.498307424229245,1.4787261486053467,15.987971305847168,0.001,32,bgmm,0,0,5,"('SimpleRNN', [10])"
280,29,1,1.5384955694709999,1.3101508219180436,1.659993641965446,1.3101508219180436,0.7142353057861328,0.7169537544250488,0.001,32,bgmm,0,0,5,"('MLP', [50, 50])"
281,29,2,1.4048043833262678,1.3059579018803162,1.6172596936424573,1.3059579018803162,0.7196741104125977,1.5105674266815186,0.001,32,bgmm,0,0,5,"('MLP', [50, 50])"
282,29,3,1.381260661629663,1.281973097773119,1.6302178103831553,1.281973097773119,0.7374992370605469,2.3463470935821533,0.001,32,bgmm,0,0,5,"('MLP', [50, 50])"
283,29,4,1.370945766179458,1.2648907221810914,1.659275880349534,1.2648907221810914,0.7415874004364014,3.177994966506958,0.001,32,bgmm,0,0,5,"('MLP', [50, 50])"
284,29,5,1.3595574142276377,1.2741193472910886,1.6888845097273588,1.2741193472910886,0.7404730319976807,4.022040843963623,0.001,32,bgmm,0,0,5,"('MLP', [50, 50])"
285,29,6,1.3483594510866248,1.2893380622497235,1.6709668505049886,1.2893380622497235,0.746635913848877,4.859204530715942,0.001,32,bgmm,0,0,5,"('MLP', [50, 50])"
286,29,7,1.342008166036744,1.2679524980378392,1.6898380325486262,1.2679524980378392,0.756781816482544,5.690842628479004,0.001,32,bgmm,0,0,5,"('MLP', [50, 50])"
287,29,8,1.3316512593324634,1.267003731116995,1.6690637666199888,1.267003731116995,0.7532291412353516,6.53054666519165,0.001,32,bgmm,0,0,5,"('MLP', [50, 50])"
288,29,9,1.323764791523201,1.2593274109129762,1.6693529664050966,1.2593274109129762,0.7539939880371094,7.37035608291626,0.001,32,bgmm,0,0,5,"('MLP', [50, 50])"
289,29,10,1.3131811705188474,1.3016362434531423,1.9343266488008557,1.3016362434531423,0.7366678714752197,8.220047950744629,0.001,32,bgmm,0,0,5,"('MLP', [50, 50])"
290,30,1,1.9177516795868097,1.5965510558250338,2.289983203723317,1.5965510558250338,1.4649384021759033,1.4679501056671143,0.001,32,bgmm,0,0,5,"('SimpleRNN', [50, 50])"
291,30,2,1.6931200138358182,1.572965131942616,2.1480189228341695,1.572965131942616,1.46620512008667,2.993851661682129,0.001,32,bgmm,0,0,5,"('SimpleRNN', [50, 50])"
292,30,3,1.6336924052515696,1.5292930551046549,2.0596973725727628,1.5292930551046549,1.476271152496338,4.54876971244812,0.001,32,bgmm,0,0,5,"('SimpleRNN', [50, 50])"
293,30,4,1.613420800760735,1.501546410973682,2.031465177734693,1.501546410973682,1.4773309230804443,6.1008219718933105,0.001,32,bgmm,0,0,5,"('SimpleRNN', [50, 50])"
294,30,5,1.592233126246652,1.4992034258537514,2.015529541032655,1.4992034258537514,1.4930589199066162,7.660832643508911,0.001,32,bgmm,0,0,5,"('SimpleRNN', [50, 50])"
295,30,6,1.5909915195648061,1.4999937002742014,1.982946901803925,1.4999937002742014,1.4872822761535645,9.243402481079102,0.001,32,bgmm,0,0,5,"('SimpleRNN', [50, 50])"
296,30,7,1.5854740711145623,1.5081812406695165,2.011846362834885,1.5081812406695165,1.543757438659668,10.8688383102417,0.001,32,bgmm,0,0,5,"('SimpleRNN', [50, 50])"
297,30,8,1.5760088048355525,1.4947875696559285,1.9818740565152395,1.4947875696559285,1.5467791557312012,12.483481168746948,0.001,32,bgmm,0,0,5,"('SimpleRNN', [50, 50])"
298,30,9,1.5763061043134956,1.4993658814319344,1.9678461402654648,1.4993658814319344,1.4875195026397705,14.098195791244507,0.001,32,bgmm,0,0,5,"('SimpleRNN', [50, 50])"
299,30,10,1.5716461851153263,1.5165498838868252,1.991956272295543,1.5165498838868252,1.4865305423736572,15.679229021072388,0.001,32,bgmm,0,0,5,"('SimpleRNN', [50, 50])"
300,31,1,1.985771051134382,1.872278389831384,1.2818445414304733,1.872278389831384,0.5395114421844482,0.5448422431945801,0.001,32,bgmm,0,0,6,"('VGLM', [])"
301,31,2,1.6913238443647112,1.6605867551661087,1.200971123223242,1.6605867551661087,0.5310335159301758,1.1148242950439453,0.001,32,bgmm,0,0,6,"('VGLM', [])"
302,31,3,1.5959638054030283,1.5812348224993409,1.1565520728104992,1.5812348224993409,0.5317564010620117,1.6855549812316895,0.001,32,bgmm,0,0,6,"('VGLM', [])"
303,31,4,1.5430668879406793,1.522387671316492,1.1421050080343296,1.522387671316492,0.530139684677124,2.254197597503662,0.001,32,bgmm,0,0,6,"('VGLM', [])"
304,31,5,1.5141112649440764,1.4832698339703438,1.118240300958094,1.4832698339703438,0.5303304195404053,2.8228724002838135,0.001,32,bgmm,0,0,6,"('VGLM', [])"
305,31,6,1.501002438408988,1.4623991635082096,1.1231136381822198,1.4623991635082096,0.45648765563964844,3.312329053878784,0.001,32,bgmm,0,0,6,"('VGLM', [])"
306,31,7,1.4791741171053479,1.4470999365051587,1.1155790243493884,1.4470999365051587,0.4481074810028076,3.789273500442505,0.001,32,bgmm,0,0,6,"('VGLM', [])"
307,31,8,1.4719175618035452,1.4335540309548378,1.1051936068228985,1.4335540309548378,0.45076751708984375,4.26931619644165,0.001,32,bgmm,0,0,6,"('VGLM', [])"
308,31,9,1.4630174510819571,1.4236752056869968,1.1005053846655708,1.4236752056869968,0.4486696720123291,4.748551368713379,0.001,32,bgmm,0,0,6,"('VGLM', [])"
309,31,10,1.4607962305205209,1.418576900044392,1.1019713147298287,1.418576900044392,0.45249080657958984,5.228502035140991,0.001,32,bgmm,0,0,6,"('VGLM', [])"
310,32,1,1.8644639081614358,1.5363854553507663,1.1449968026656854,1.5363854553507663,0.5465123653411865,0.5500178337097168,0.001,32,bgmm,0,0,6,"('MLP', [10])"
311,32,2,1.5176280563218254,1.4555922766355263,1.133128727933294,1.4555922766355263,0.565927267074585,1.1829431056976318,0.001,32,bgmm,0,0,6,"('MLP', [10])"
312,32,3,1.479015864474433,1.4259027044834762,1.1128340357620465,1.4259027044834762,0.5713980197906494,1.8264200687408447,0.001,32,bgmm,0,0,6,"('MLP', [10])"
313,32,4,1.4607399041312081,1.402761781866523,1.0969283325891745,1.402761781866523,0.556901216506958,2.459826946258545,0.001,32,bgmm,0,0,6,"('MLP', [10])"
314,32,5,1.449280517101288,1.398612843162712,1.1018606153757948,1.398612843162712,0.5566580295562744,3.0930635929107666,0.001,32,bgmm,0,0,6,"('MLP', [10])"
315,32,6,1.4444031320299422,1.3896706998776431,1.0933665657710088,1.3896706998776431,0.5577530860900879,3.730215072631836,0.001,32,bgmm,0,0,6,"('MLP', [10])"
316,32,7,1.4342828803403036,1.3876890701338136,1.092931129136368,1.3876890701338136,0.5629098415374756,4.375543832778931,0.001,32,bgmm,0,0,6,"('MLP', [10])"
317,32,8,1.4293817106315068,1.3813204806640573,1.0803201600517098,1.3813204806640573,0.5657951831817627,5.012221097946167,0.001,32,bgmm,0,0,6,"('MLP', [10])"
318,32,9,1.427135570900781,1.3786824492031131,1.077951553865875,1.3786824492031131,0.562932014465332,5.658306360244751,0.001,32,bgmm,0,0,6,"('MLP', [10])"
319,32,10,1.4227494881834302,1.3753730780391515,1.0812882431047528,1.3753730780391515,0.5590887069702148,6.2995688915252686,0.001,32,bgmm,0,0,6,"('MLP', [10])"
320,33,1,2.0880490988919935,1.7997562244187955,1.3818801770339142,1.7997562244187955,1.3429594039916992,1.3451242446899414,0.001,32,bgmm,0,0,6,"('SimpleRNN', [10])"
321,33,2,1.8055497510385377,1.7040988626175149,1.377984705003532,1.7040988626175149,1.3278672695159912,2.7534737586975098,0.001,32,bgmm,0,0,6,"('SimpleRNN', [10])"
322,33,3,1.7324568022971167,1.6680750850328179,1.3713246326188784,1.6680750850328179,1.3379735946655273,4.1727941036224365,0.001,32,bgmm,0,0,6,"('SimpleRNN', [10])"
323,33,4,1.6812431168419584,1.641832121929457,1.343128792337469,1.641832121929457,1.326460838317871,5.575506687164307,0.001,32,bgmm,0,0,6,"('SimpleRNN', [10])"
324,33,5,1.670753705467399,1.6027516091978826,1.344382587316874,1.6027516091978826,1.3370625972747803,6.993446350097656,0.001,32,bgmm,0,0,6,"('SimpleRNN', [10])"
325,33,6,1.6545258541844978,1.5930676047885142,1.3136281878561586,1.5930676047885142,1.3359265327453613,8.405727624893188,0.001,32,bgmm,0,0,6,"('SimpleRNN', [10])"
326,33,7,1.6422527003766472,1.5984575308339541,1.3021195990008276,1.5984575308339541,1.3439252376556396,9.84246015548706,0.001,32,bgmm,0,0,6,"('SimpleRNN', [10])"
327,33,8,1.6366847975547811,1.5883039700430492,1.3398181554433461,1.5883039700430492,1.328162431716919,11.249848127365112,0.001,32,bgmm,0,0,6,"('SimpleRNN', [10])"
328,33,9,1.6354920522531329,1.6019213968931243,1.3237608783953898,1.6019213968931243,1.3368980884552002,12.663385391235352,0.001,32,bgmm,0,0,6,"('SimpleRNN', [10])"
329,33,10,1.6401319886346943,1.6000067113443863,1.3345297357520542,1.6000067113443863,1.3287169933319092,14.057844638824463,0.001,32,bgmm,0,0,6,"('SimpleRNN', [10])"
330,34,1,1.6164361783436367,1.4029609937777465,1.1184238554223587,1.4029609937777465,0.7310116291046143,0.7351706027984619,0.001,32,bgmm,0,0,6,"('MLP', [50, 50])"
331,34,2,1.4467761777979986,1.372337640573581,1.0656087829878456,1.372337640573581,0.7509441375732422,1.588557481765747,0.001,32,bgmm,0,0,6,"('MLP', [50, 50])"
332,34,3,1.4188873212678093,1.3657489869872044,1.0979554153194553,1.3657489869872044,0.7583870887756348,2.4438822269439697,0.001,32,bgmm,0,0,6,"('MLP', [50, 50])"
333,34,4,1.4060776223455156,1.350465253359456,1.0928890333559953,1.350465253359456,0.7873120307922363,3.3190643787384033,0.001,32,bgmm,0,0,6,"('MLP', [50, 50])"
334,34,5,1.3948770315306527,1.3669157137280736,1.0858979518280218,1.3669157137280736,0.7403981685638428,4.1647257804870605,0.001,32,bgmm,0,0,6,"('MLP', [50, 50])"
335,34,6,1.3842975071498327,1.3446914159275334,1.0746656209720593,1.3446914159275334,0.7522051334381104,4.989060163497925,0.001,32,bgmm,0,0,6,"('MLP', [50, 50])"
336,34,7,1.379050704751696,1.3474812982068665,1.0731057685946948,1.3474812982068665,0.7490475177764893,5.822844743728638,0.001,32,bgmm,0,0,6,"('MLP', [50, 50])"
337,34,8,1.3708014804976327,1.349831409366994,1.0704414074946391,1.349831409366994,0.7518973350524902,6.666943311691284,0.001,32,bgmm,0,0,6,"('MLP', [50, 50])"
338,34,9,1.3617998036316463,1.3535818905708776,1.078218282396464,1.3535818905708776,0.7551705837249756,7.505338191986084,0.001,32,bgmm,0,0,6,"('MLP', [50, 50])"
339,34,10,1.352941130229405,1.3559059447277038,1.0495067614032643,1.3559059447277038,0.7539300918579102,8.35491681098938,0.001,32,bgmm,0,0,6,"('MLP', [50, 50])"
340,35,1,2.3285550347030335,1.9296579153038735,1.3954904055273212,1.9296579153038735,1.4747066497802734,1.4789440631866455,0.001,32,bgmm,0,0,6,"('SimpleRNN', [50, 50])"
341,35,2,1.9305060664698865,1.8208290688520254,1.3841681641501349,1.8208290688520254,1.4655601978302002,2.991342544555664,0.001,32,bgmm,0,0,6,"('SimpleRNN', [50, 50])"
342,35,3,1.8525213597497148,1.758271142147308,1.354149482540182,1.758271142147308,1.4884071350097656,4.526791334152222,0.001,32,bgmm,0,0,6,"('SimpleRNN', [50, 50])"
343,35,4,1.7756921029022568,1.7015879812628725,1.4037017073180225,1.7015879812628725,1.4872195720672607,6.110860586166382,0.001,32,bgmm,0,0,6,"('SimpleRNN', [50, 50])"
344,35,5,1.7130615499436344,1.627609935957332,1.3651037602811247,1.627609935957332,1.5019173622131348,7.7323997020721436,0.001,32,bgmm,0,0,6,"('SimpleRNN', [50, 50])"
345,35,6,1.6789170524110766,1.5987649459478468,1.3469070373354732,1.5987649459478468,1.4919767379760742,9.32526969909668,0.001,32,bgmm,0,0,6,"('SimpleRNN', [50, 50])"
346,35,7,1.678071461297721,1.5933744411828905,1.3484708578199953,1.5933744411828905,1.482475757598877,10.881686210632324,0.001,32,bgmm,0,0,6,"('SimpleRNN', [50, 50])"
347,35,8,1.6573656978443223,1.5931014331967333,1.3567572606576455,1.5931014331967333,1.4945850372314453,12.45603060722351,0.001,32,bgmm,0,0,6,"('SimpleRNN', [50, 50])"
348,35,9,1.65225048700513,1.5900951551143514,1.3463021830932513,1.5900951551143514,1.5096848011016846,14.043874263763428,0.001,32,bgmm,0,0,6,"('SimpleRNN', [50, 50])"
349,35,10,1.660288188040769,1.581158070716747,1.333807773686744,1.581158070716747,1.4980428218841553,15.616158246994019,0.001,32,bgmm,0,0,6,"('SimpleRNN', [50, 50])"
350,36,1,1.954164128879021,1.5190395712852478,1.557855162024498,1.5190395712852478,0.5783224105834961,0.5836548805236816,0.001,32,bgmm,0,0,7,"('VGLM', [])"
351,36,2,1.6572829894293313,1.4148859944323013,1.4843631625175475,1.4148859944323013,0.5544126033782959,1.2577269077301025,0.001,32,bgmm,0,0,7,"('VGLM', [])"
352,36,3,1.5677756511274425,1.361263364981646,1.4791928080841898,1.361263364981646,0.5367608070373535,1.8414695262908936,0.001,32,bgmm,0,0,7,"('VGLM', [])"
353,36,4,1.5243119484391705,1.3340474771357131,1.4532155890017748,1.3340474771357131,0.5407350063323975,2.4352290630340576,0.001,32,bgmm,0,0,7,"('VGLM', [])"
354,36,5,1.501322617476014,1.3092977932129783,1.4663330557756127,1.3092977932129783,0.542987585067749,3.0382001399993896,0.001,32,bgmm,0,0,7,"('VGLM', [])"
355,36,6,1.481144166883381,1.3067479000009339,1.4282002835534513,1.3067479000009339,0.5421445369720459,3.640542984008789,0.001,32,bgmm,0,0,7,"('VGLM', [])"
356,36,7,1.4711476423959622,1.290825746696571,1.4364249024540185,1.290825746696571,0.5481410026550293,4.248837471008301,0.001,32,bgmm,0,0,7,"('VGLM', [])"
357,36,8,1.4615073957662472,1.2895858534022995,1.4238624021410942,1.2895858534022995,0.5431973934173584,4.848199367523193,0.001,32,bgmm,0,0,7,"('VGLM', [])"
358,36,9,1.4558205823788697,1.2854764632366855,1.4270410699769855,1.2854764632366855,0.5499424934387207,5.457531452178955,0.001,32,bgmm,0,0,7,"('VGLM', [])"
359,36,10,1.4535187774005978,1.2772178786924515,1.4339936384931207,1.2772178786924515,0.5504212379455566,6.067480802536011,0.001,32,bgmm,0,0,7,"('VGLM', [])"
360,37,1,1.7380144650908722,1.3863369036337425,1.474293164163828,1.3863369036337425,0.6716487407684326,0.6764993667602539,0.001,32,bgmm,0,0,7,"('MLP', [10])"
361,37,2,1.4929266097559326,1.3257795920831033,1.4527203464880585,1.3257795920831033,0.6411216259002686,1.3624181747436523,0.001,32,bgmm,0,0,7,"('MLP', [10])"
362,37,3,1.4629170844952266,1.3021804937000931,1.4505042834207416,1.3021804937000931,0.6406230926513672,2.0492990016937256,0.001,32,bgmm,0,0,7,"('MLP', [10])"
363,37,4,1.449694380506702,1.2831975075191464,1.440595205873251,1.2831975075191464,0.645256519317627,2.74002742767334,0.001,32,bgmm,0,0,7,"('MLP', [10])"
364,37,5,1.4372032764314235,1.2760304683583907,1.4270634368062018,1.2760304683583907,0.6477015018463135,3.445647954940796,0.001,32,bgmm,0,0,7,"('MLP', [10])"
365,37,6,1.4295833789069077,1.2630865402605342,1.4385179786011577,1.2630865402605342,0.6450977325439453,4.137914419174194,0.001,32,bgmm,0,0,7,"('MLP', [10])"
366,37,7,1.4263530983321968,1.2638741604469974,1.4237036323174834,1.2638741604469974,0.6453828811645508,4.829636096954346,0.001,32,bgmm,0,0,7,"('MLP', [10])"
367,37,8,1.4199747164016483,1.2670118123207283,1.414897196739912,1.2670118123207283,0.6400063037872314,5.51085090637207,0.001,32,bgmm,0,0,7,"('MLP', [10])"
368,37,9,1.415945362428139,1.265523196208751,1.4200639937072992,1.265523196208751,0.6428208351135254,6.193559408187866,0.001,32,bgmm,0,0,7,"('MLP', [10])"
369,37,10,1.4141645426380223,1.2631818215823036,1.4213295317254961,1.2631818215823036,0.6401464939117432,6.874178647994995,0.001,32,bgmm,0,0,7,"('MLP', [10])"
370,38,1,3.8931824910194113,1.9329021039397218,2.0090699585584493,1.9329021039397218,1.5073578357696533,1.5118377208709717,0.001,32,bgmm,0,0,7,"('SimpleRNN', [10])"
371,38,2,2.090333492336768,1.745638372593148,1.9040957994950123,1.745638372593148,1.5038402080535889,3.086313247680664,0.001,32,bgmm,0,0,7,"('SimpleRNN', [10])"
372,38,3,1.9177761356150382,1.665185854531998,1.7527663791790986,1.665185854531998,1.4965555667877197,4.657785415649414,0.001,32,bgmm,0,0,7,"('SimpleRNN', [10])"
373,38,4,1.8143907678917437,1.6160395582054936,1.6379653727396941,1.6160395582054936,1.49540114402771,6.229145765304565,0.001,32,bgmm,0,0,7,"('SimpleRNN', [10])"
374,38,5,1.7594188534217197,1.5759449050176975,1.621936560441286,1.5759449050176975,1.4937176704406738,7.806749105453491,0.001,32,bgmm,0,0,7,"('SimpleRNN', [10])"
375,38,6,1.737227924275467,1.5389999449253082,1.563411092146849,1.5389999449253082,1.4913692474365234,9.373648643493652,0.001,32,bgmm,0,0,7,"('SimpleRNN', [10])"
376,38,7,1.7282464335906058,1.5190836544646773,1.5427635587178743,1.5190836544646773,1.495805025100708,10.936795473098755,0.001,32,bgmm,0,0,7,"('SimpleRNN', [10])"
377,38,8,1.7079820131362344,1.5237459072539972,1.5041517500693982,1.5237459072539972,1.5247395038604736,12.535598993301392,0.001,32,bgmm,0,0,7,"('SimpleRNN', [10])"
378,38,9,1.6965491301044606,1.506256944564886,1.4645849076601176,1.506256944564886,1.5155854225158691,14.120760202407837,0.001,32,bgmm,0,0,7,"('SimpleRNN', [10])"
379,38,10,1.6767003683947692,1.502841022472049,1.4439698855082195,1.502841022472049,1.4769432544708252,15.663318872451782,0.001,32,bgmm,0,0,7,"('SimpleRNN', [10])"
380,39,1,1.5686255558126274,1.2924572629104742,1.4274405099451541,1.2924572629104742,0.7252471446990967,0.7283780574798584,0.001,32,bgmm,0,0,7,"('MLP', [50, 50])"
381,39,2,1.4329319003669696,1.2811637744735713,1.411730059236288,1.2811637744735713,0.737175464630127,1.5726585388183594,0.001,32,bgmm,0,0,7,"('MLP', [50, 50])"
382,39,3,1.4103560990643227,1.2803117664980477,1.4217400144785644,1.2803117664980477,0.7504010200500488,2.4083786010742188,0.001,32,bgmm,0,0,7,"('MLP', [50, 50])"
383,39,4,1.3926100713768224,1.2786926781309063,1.4240854622796177,1.2786926781309063,0.770134449005127,3.2829158306121826,0.001,32,bgmm,0,0,7,"('MLP', [50, 50])"
384,39,5,1.381957017313475,1.2523815296162133,1.4133282312192024,1.2523815296162133,0.7422592639923096,4.159665584564209,0.001,32,bgmm,0,0,7,"('MLP', [50, 50])"
385,39,6,1.3709743206185856,1.2616191520516216,1.4171520158648492,1.2616191520516216,0.8049685955047607,5.0685484409332275,0.001,32,bgmm,0,0,7,"('MLP', [50, 50])"
386,39,7,1.3615711009365388,1.2538472156029665,1.4203310230746866,1.2538472156029665,0.7930097579956055,5.9635443687438965,0.001,32,bgmm,0,0,7,"('MLP', [50, 50])"
387,39,8,1.3541422400666379,1.28454138100918,1.4077595753595233,1.28454138100918,0.8009958267211914,6.876960277557373,0.001,32,bgmm,0,0,7,"('MLP', [50, 50])"
388,39,9,1.343656730377811,1.2665088599997347,1.4088510022498668,1.2665088599997347,0.7688610553741455,7.771346092224121,0.001,32,bgmm,0,0,7,"('MLP', [50, 50])"
389,39,10,1.3346485065660258,1.2984101625009514,1.490479636657983,1.2984101625009514,0.7919449806213379,8.643886804580688,0.001,32,bgmm,0,0,7,"('MLP', [50, 50])"
390,40,1,2.7407399872881535,1.8037805640420248,1.7911320695510278,1.8037805640420248,1.5149905681610107,1.5228443145751953,0.001,32,bgmm,0,0,7,"('SimpleRNN', [50, 50])"
391,40,2,1.847031491634138,1.5665971401125887,1.6290083061426113,1.5665971401125887,1.5263242721557617,3.1001029014587402,0.001,32,bgmm,0,0,7,"('SimpleRNN', [50, 50])"
392,40,3,1.7434603377790203,1.5234189009250596,1.5644468756822438,1.5234189009250596,1.5397655963897705,4.730363845825195,0.001,32,bgmm,0,0,7,"('SimpleRNN', [50, 50])"
393,40,4,1.6994590649343706,1.4876391839149385,1.5273202611849859,1.4876391839149385,1.5040431022644043,6.321258544921875,0.001,32,bgmm,0,0,7,"('SimpleRNN', [50, 50])"
394,40,5,1.6810172445835916,1.477073023485583,1.5306105476159315,1.477073023485583,1.5082685947418213,7.914553165435791,0.001,32,bgmm,0,0,7,"('SimpleRNN', [50, 50])"
395,40,6,1.6636091109998632,1.4816279536069825,1.493120938539505,1.4816279536069825,1.48881196975708,9.495993375778198,0.001,32,bgmm,0,0,7,"('SimpleRNN', [50, 50])"
396,40,7,1.6600060268850079,1.4935068779213483,1.4814913066533895,1.4935068779213483,1.4833109378814697,11.046873331069946,0.001,32,bgmm,0,0,7,"('SimpleRNN', [50, 50])"
397,40,8,1.6622751769140063,1.4781023454527522,1.48909948575191,1.4781023454527522,1.4827585220336914,12.611832618713379,0.001,32,bgmm,0,0,7,"('SimpleRNN', [50, 50])"
398,40,9,1.6547247322560732,1.489264348565146,1.4746965643687127,1.489264348565146,1.470569133758545,14.131461143493652,0.001,32,bgmm,0,0,7,"('SimpleRNN', [50, 50])"
399,40,10,1.650108883978654,1.4926144487636035,1.490183174610138,1.4926144487636035,1.4766886234283447,15.675717830657959,0.001,32,bgmm,0,0,7,"('SimpleRNN', [50, 50])"
400,41,1,1.799835101266702,1.4790358497151013,1.6038464515336923,1.4790358497151013,0.5465254783630371,0.5515329837799072,0.001,32,bgmm,0,0,8,"('VGLM', [])"
401,41,2,1.5950785206423865,1.4080045455317387,1.5081157883895295,1.4080045455317387,0.580333948135376,1.4116580486297607,0.001,32,bgmm,0,0,8,"('VGLM', [])"
402,41,3,1.5416475327478514,1.3638693535293656,1.447057799303106,1.3638693535293656,0.5736336708068848,2.0457234382629395,0.001,32,bgmm,0,0,8,"('VGLM', [])"
403,41,4,1.5121663689613343,1.3384647294022571,1.413468424097768,1.3384647294022571,0.5728027820587158,2.6824357509613037,0.001,32,bgmm,0,0,8,"('VGLM', [])"
404,41,5,1.4902191705173917,1.3313900505503018,1.389510595372745,1.3313900505503018,0.5689539909362793,3.3167994022369385,0.001,32,bgmm,0,0,8,"('VGLM', [])"
405,41,6,1.4772363043493695,1.3146801928336593,1.3821120948663779,1.3146801928336593,0.5731925964355469,3.9517905712127686,0.001,32,bgmm,0,0,8,"('VGLM', [])"
406,41,7,1.4685317585865656,1.301185330525897,1.386300535074302,1.301185330525897,0.5673801898956299,4.584132432937622,0.001,32,bgmm,0,0,8,"('VGLM', [])"
407,41,8,1.4608390221993128,1.3034903127485993,1.3735998114570975,1.3034903127485993,0.5727179050445557,5.222640752792358,0.001,32,bgmm,0,0,8,"('VGLM', [])"
408,41,9,1.458414833744367,1.2898763968427291,1.395042735950223,1.2898763968427291,0.5730624198913574,5.856367588043213,0.001,32,bgmm,0,0,8,"('VGLM', [])"
409,41,10,1.4541487870944871,1.2910314217295455,1.3835403784843427,1.2910314217295455,0.5731773376464844,6.490503787994385,0.001,32,bgmm,0,0,8,"('VGLM', [])"
410,42,1,1.8611144231425392,1.3947016471761398,1.6668949403933115,1.3947016471761398,0.6813561916351318,0.6871771812438965,0.001,32,bgmm,0,0,8,"('MLP', [10])"
411,42,2,1.5244082735644446,1.3333999863986312,1.4911104858453785,1.3333999863986312,0.6989965438842773,1.46348237991333,0.001,32,bgmm,0,0,8,"('MLP', [10])"
412,42,3,1.4857566027177704,1.316770496639027,1.4224642935608114,1.316770496639027,0.7170352935791016,2.2553131580352783,0.001,32,bgmm,0,0,8,"('MLP', [10])"
413,42,4,1.4652059680885738,1.3048281457232334,1.4099880991769689,1.3048281457232334,0.67724609375,3.0165350437164307,0.001,32,bgmm,0,0,8,"('MLP', [10])"
414,42,5,1.4507267679605218,1.2880800018279717,1.3968683095382792,1.2880800018279717,0.6790339946746826,3.772653579711914,0.001,32,bgmm,0,0,8,"('MLP', [10])"
415,42,6,1.4420622706413269,1.2757092471523532,1.388034782239369,1.2757092471523532,0.6725082397460938,4.521752119064331,0.001,32,bgmm,0,0,8,"('MLP', [10])"
416,42,7,1.4368013732963139,1.2788926666581082,1.3741154513720955,1.2788926666581082,0.69759202003479,5.287044048309326,0.001,32,bgmm,0,0,8,"('MLP', [10])"
417,42,8,1.4269222744637065,1.2743395310880123,1.38013315426984,1.2743395310880123,0.6745097637176514,6.007320165634155,0.001,32,bgmm,0,0,8,"('MLP', [10])"
418,42,9,1.4216946232650014,1.2750403425474277,1.3595827513241343,1.2750403425474277,0.6696536540985107,6.763047933578491,0.001,32,bgmm,0,0,8,"('MLP', [10])"
419,42,10,1.418664738535881,1.2775976915212197,1.3570327724197082,1.2775976915212197,0.6780157089233398,7.509409666061401,0.001,32,bgmm,0,0,8,"('MLP', [10])"
420,43,1,2.208908454953462,1.7722791287788124,1.9347433624444184,1.7722791287788124,1.5369219779968262,1.5424211025238037,0.001,32,bgmm,0,0,8,"('SimpleRNN', [10])"
421,43,2,1.8029451818519315,1.5551919056925663,1.73293450805876,1.5551919056925663,1.539350986480713,3.149909734725952,0.001,32,bgmm,0,0,8,"('SimpleRNN', [10])"
422,43,3,1.7063872073686221,1.5135630372651787,1.6789435700133994,1.5135630372651787,1.5662715435028076,4.7999327182769775,0.001,32,bgmm,0,0,8,"('SimpleRNN', [10])"
423,43,4,1.6706002631891406,1.493098298477572,1.6292410647427593,1.493098298477572,1.5539331436157227,6.430288314819336,0.001,32,bgmm,0,0,8,"('SimpleRNN', [10])"
424,43,5,1.6527752743458017,1.4911534526320391,1.5827069613668654,1.4911534526320391,1.5704305171966553,8.065577745437622,0.001,32,bgmm,0,0,8,"('SimpleRNN', [10])"
425,43,6,1.6576240779961715,1.4756043248398358,1.575126451474649,1.4756043248398358,1.5281908512115479,9.662513732910156,0.001,32,bgmm,0,0,8,"('SimpleRNN', [10])"
426,43,7,1.6403430494425357,1.5004490717898968,1.6031762725777097,1.5004490717898968,1.5224285125732422,11.265376091003418,0.001,32,bgmm,0,0,8,"('SimpleRNN', [10])"
427,43,8,1.634838308464518,1.4984277216501014,1.6168005024945293,1.4984277216501014,1.5365426540374756,12.865103721618652,0.001,32,bgmm,0,0,8,"('SimpleRNN', [10])"
428,43,9,1.6299466957288864,1.5025556427101756,1.5778700400281835,1.5025556427101756,1.5308432579040527,14.461520910263062,0.001,32,bgmm,0,0,8,"('SimpleRNN', [10])"
429,43,10,1.6310427366525018,1.4972352149874666,1.5660928267019767,1.4972352149874666,1.5311856269836426,16.062211990356445,0.001,32,bgmm,0,0,8,"('SimpleRNN', [10])"
430,44,1,1.599908136162493,1.3118677146989723,1.3802800954186492,1.3118677146989723,0.7348268032073975,0.7404086589813232,0.001,32,bgmm,0,0,8,"('MLP', [50, 50])"
431,44,2,1.4412031657165951,1.2714733326400833,1.3538937979776944,1.2714733326400833,0.7805144786834717,1.6425318717956543,0.001,32,bgmm,0,0,8,"('MLP', [50, 50])"
432,44,3,1.4158070638775826,1.2795894693626069,1.364130406773516,1.2795894693626069,0.7914800643920898,2.5286622047424316,0.001,32,bgmm,0,0,8,"('MLP', [50, 50])"
433,44,4,1.395973907907804,1.2823360854995318,1.3652197689350163,1.2823360854995318,0.8058111667633057,3.4276363849639893,0.001,32,bgmm,0,0,8,"('MLP', [50, 50])"
434,44,5,1.3857530785931482,1.2698660616216988,1.383777154609561,1.2698660616216988,0.799724817276001,4.305521249771118,0.001,32,bgmm,0,0,8,"('MLP', [50, 50])"
435,44,6,1.372697845266925,1.252820345583832,1.3600951402581163,1.252820345583832,0.7872602939605713,5.208651065826416,0.001,32,bgmm,0,0,8,"('MLP', [50, 50])"
436,44,7,1.3648493982023664,1.2869871555474297,1.43478690979204,1.2869871555474297,0.7760884761810303,6.089530944824219,0.001,32,bgmm,0,0,8,"('MLP', [50, 50])"
437,44,8,1.356179302599695,1.2858053879576854,1.4036091502223695,1.2858053879576854,0.7780911922454834,6.980953693389893,0.001,32,bgmm,0,0,8,"('MLP', [50, 50])"
438,44,9,1.3443161994218826,1.315948662315977,1.4031582621059246,1.315948662315977,0.7880303859710693,7.855189800262451,0.001,32,bgmm,0,0,8,"('MLP', [50, 50])"
439,44,10,1.336501570708222,1.2965432739463345,1.4874676537833043,1.2965432739463345,0.779404878616333,8.720938682556152,0.001,32,bgmm,0,0,8,"('MLP', [50, 50])"
440,45,1,2.6754577266140567,1.933894274193187,2.064989905666422,1.933894274193187,1.5255143642425537,1.5295751094818115,0.001,32,bgmm,0,0,8,"('SimpleRNN', [50, 50])"
441,45,2,1.887174301824862,1.6923295432745025,1.8576752620714683,1.6923295432745025,1.5519485473632812,3.127154588699341,0.001,32,bgmm,0,0,8,"('SimpleRNN', [50, 50])"
442,45,3,1.788989606674003,1.6201797061881353,1.7565919933495697,1.6201797061881353,1.5274157524108887,4.742276906967163,0.001,32,bgmm,0,0,8,"('SimpleRNN', [50, 50])"
443,45,4,1.7387693250411733,1.5745816930781964,1.678094329657378,1.5745816930781964,1.5529515743255615,6.4024498462677,0.001,32,bgmm,0,0,8,"('SimpleRNN', [50, 50])"
444,45,5,1.6954236950382882,1.5385019034147263,1.6336290924637407,1.5385019034147263,1.5609917640686035,8.042914390563965,0.001,32,bgmm,0,0,8,"('SimpleRNN', [50, 50])"
445,45,6,1.6740704525812091,1.522368966146957,1.6298191205218986,1.522368966146957,1.5328295230865479,9.667415380477905,0.001,32,bgmm,0,0,8,"('SimpleRNN', [50, 50])"
446,45,7,1.6524494846551199,1.5030899924594303,1.6087979817831959,1.5030899924594303,1.5401554107666016,11.279868364334106,0.001,32,bgmm,0,0,8,"('SimpleRNN', [50, 50])"
447,45,8,1.6388461005388861,1.498087688240894,1.607936484946145,1.498087688240894,1.5386998653411865,12.912348985671997,0.001,32,bgmm,0,0,8,"('SimpleRNN', [50, 50])"
448,45,9,1.6378105935280038,1.4958870313888373,1.5741504905400452,1.4958870313888373,1.5298981666564941,14.526763200759888,0.001,32,bgmm,0,0,8,"('SimpleRNN', [50, 50])"
449,45,10,1.6373306761877118,1.4928946907437124,1.5957955320676167,1.4928946907437124,1.5346314907073975,16.15063714981079,0.001,32,bgmm,0,0,8,"('SimpleRNN', [50, 50])"
450,46,1,2.129702480410683,1.550503167784077,1.7137767148017884,1.550503167784077,0.5861680507659912,0.5938239097595215,0.001,32,bgmm,0,0,9,"('VGLM', [])"
451,46,2,1.6916208873839067,1.428251843171558,1.5631726095080376,1.428251843171558,0.5315732955932617,1.1703603267669678,0.001,32,bgmm,0,0,9,"('VGLM', [])"
452,46,3,1.5870369272471885,1.377585046678439,1.4862521217763425,1.377585046678439,0.5393009185791016,1.7670855522155762,0.001,32,bgmm,0,0,9,"('VGLM', [])"
453,46,4,1.5360471544533791,1.3476937853399364,1.4476667281985283,1.3476937853399364,0.5482878684997559,2.383800745010376,0.001,32,bgmm,0,0,9,"('VGLM', [])"
454,46,5,1.5091872063614207,1.3337790625191284,1.4242061445116996,1.3337790625191284,0.5467090606689453,3.0363104343414307,0.001,32,bgmm,0,0,9,"('VGLM', [])"
455,46,6,1.49144781059062,1.3194671897966972,1.4167103593051433,1.3194671897966972,0.5475456714630127,3.679760456085205,0.001,32,bgmm,0,0,9,"('VGLM', [])"
456,46,7,1.480588808038531,1.3132465902244908,1.4047962358593942,1.3132465902244908,0.5500330924987793,4.313905954360962,0.001,32,bgmm,0,0,9,"('VGLM', [])"
457,46,8,1.4719582524525343,1.3087630348130204,1.3921504671871663,1.3087630348130204,0.5439209938049316,4.93108868598938,0.001,32,bgmm,0,0,9,"('VGLM', [])"
458,46,9,1.4663421474617613,1.3061998696762256,1.3885347540676594,1.3061998696762256,0.5410513877868652,5.540134906768799,0.001,32,bgmm,0,0,9,"('VGLM', [])"
459,46,10,1.4630466965881326,1.2917008572097481,1.386132971122861,1.2917008572097481,0.5410408973693848,6.145732164382935,0.001,32,bgmm,0,0,9,"('VGLM', [])"
460,47,1,1.7451969027166536,1.3852261541218593,1.4440994442999362,1.3852261541218593,0.6451694965362549,0.6484556198120117,0.001,32,bgmm,0,0,9,"('MLP', [10])"
461,47,2,1.5064025701150385,1.3382943874631805,1.412235905379057,1.3382943874631805,0.6691892147064209,1.3631172180175781,0.001,32,bgmm,0,0,9,"('MLP', [10])"
462,47,3,1.483463375526067,1.3255296937008014,1.3892919509112835,1.3255296937008014,0.6617715358734131,2.1110541820526123,0.001,32,bgmm,0,0,9,"('MLP', [10])"
463,47,4,1.4668261084330858,1.309105986450938,1.3756988913565875,1.309105986450938,0.6762113571166992,2.861276865005493,0.001,32,bgmm,0,0,9,"('MLP', [10])"
464,47,5,1.4563033774759642,1.299481363603096,1.3687865104526282,1.299481363603096,0.6513969898223877,3.600217342376709,0.001,32,bgmm,0,0,9,"('MLP', [10])"
465,47,6,1.449765060251281,1.296747417927816,1.364977424815297,1.296747417927816,0.6488380432128906,4.32615065574646,0.001,32,bgmm,0,0,9,"('MLP', [10])"
466,47,7,1.4452099838905785,1.284337540767316,1.3580597305297852,1.284337540767316,0.6472315788269043,5.04907488822937,0.001,32,bgmm,0,0,9,"('MLP', [10])"
467,47,8,1.441397551601455,1.2809406788270363,1.35958926089108,1.2809406788270363,0.6514871120452881,5.781793594360352,0.001,32,bgmm,0,0,9,"('MLP', [10])"
468,47,9,1.437672475385948,1.2839323786226498,1.3532998421043159,1.2839323786226498,0.6458508968353271,6.503267765045166,0.001,32,bgmm,0,0,9,"('MLP', [10])"
469,47,10,1.4334463667587416,1.2747592803561825,1.3478505360335111,1.2747592803561825,0.6529009342193604,7.224230766296387,0.001,32,bgmm,0,0,9,"('MLP', [10])"
470,48,1,2.0425091263802186,1.6301507242890292,1.6789947924565296,1.6301507242890292,1.4693958759307861,1.4721505641937256,0.001,32,bgmm,0,0,9,"('SimpleRNN', [10])"
471,48,2,1.7796605185160652,1.5610540886951048,1.6146274348910974,1.5610540886951048,1.4555809497833252,2.9718997478485107,0.001,32,bgmm,0,0,9,"('SimpleRNN', [10])"
472,48,3,1.7364982582341315,1.5268229869909065,1.5817935703968515,1.5268229869909065,1.4070942401885986,4.422452688217163,0.001,32,bgmm,0,0,9,"('SimpleRNN', [10])"
473,48,4,1.708787738392544,1.5264512615841488,1.5600454089592914,1.5264512615841488,1.2925167083740234,5.757274150848389,0.001,32,bgmm,0,0,9,"('SimpleRNN', [10])"
474,48,5,1.677336930521164,1.5285424091095148,1.5412602673987954,1.5285424091095148,1.2961363792419434,7.091704845428467,0.001,32,bgmm,0,0,9,"('SimpleRNN', [10])"
475,48,6,1.6608294195520419,1.5186371806749077,1.5246790909037298,1.5186371806749077,1.2919948101043701,8.42274022102356,0.001,32,bgmm,0,0,9,"('SimpleRNN', [10])"
476,48,7,1.6573107879310405,1.5104714645895847,1.526507513255489,1.5104714645895847,1.3036253452301025,9.785119533538818,0.001,32,bgmm,0,0,9,"('SimpleRNN', [10])"
477,48,8,1.6500726167101534,1.5010363054136897,1.5216211998949245,1.5010363054136897,1.3116848468780518,11.183447360992432,0.001,32,bgmm,0,0,9,"('SimpleRNN', [10])"
478,48,9,1.6461591671057907,1.5216104637744814,1.516008153253672,1.5216104637744814,1.308875560760498,12.573192358016968,0.001,32,bgmm,0,0,9,"('SimpleRNN', [10])"
479,48,10,1.6477098595848423,1.5262471312700316,1.5227652076555758,1.5262471312700316,1.3144557476043701,13.966769933700562,0.001,32,bgmm,0,0,9,"('SimpleRNN', [10])"
480,49,1,1.5762033984505919,1.2985786478324184,1.3674707576632499,1.2985786478324184,0.6226058006286621,0.6243340969085693,0.001,32,bgmm,0,0,9,"('MLP', [50, 50])"
481,49,2,1.4419518635117796,1.2842262333323216,1.3437568021565676,1.2842262333323216,0.6002380847930908,1.2715816497802734,0.001,32,bgmm,0,0,9,"('MLP', [50, 50])"
482,49,3,1.4153568058676973,1.2922259167950043,1.3258715838938953,1.2922259167950043,0.6048989295959473,1.9263863563537598,0.001,32,bgmm,0,0,9,"('MLP', [50, 50])"
483,49,4,1.398370858480239,1.2591978177513885,1.304119959771633,1.2591978177513885,0.6045680046081543,2.5770366191864014,0.001,32,bgmm,0,0,9,"('MLP', [50, 50])"
484,49,5,1.3884378278396539,1.2740014659604808,1.3071281638368963,1.2740014659604808,0.7022175788879395,3.392404317855835,0.001,32,bgmm,0,0,9,"('MLP', [50, 50])"
485,49,6,1.3786711408894443,1.2679831784261368,1.293505726158619,1.2679831784261368,0.7525310516357422,4.215086936950684,0.001,32,bgmm,0,0,9,"('MLP', [50, 50])"
486,49,7,1.3694970345003366,1.2949878114393387,1.3009645365923643,1.2949878114393387,0.7390902042388916,5.0416247844696045,0.001,32,bgmm,0,0,9,"('MLP', [50, 50])"
487,49,8,1.3586415905924238,1.3063869543116668,1.2836007534712552,1.3063869543116668,0.7239646911621094,5.873733758926392,0.001,32,bgmm,0,0,9,"('MLP', [50, 50])"
488,49,9,1.3482474300282947,1.3142897603690795,1.2834200726822018,1.3142897603690795,0.7084555625915527,6.700709104537964,0.001,32,bgmm,0,0,9,"('MLP', [50, 50])"
489,49,10,1.338771159655949,1.2898206636309624,1.2827280443534255,1.2898206636309624,0.7093925476074219,7.543011903762817,0.001,32,bgmm,0,0,9,"('MLP', [50, 50])"
490,50,1,2.289110613152252,2.032089272903842,1.8856705305527668,2.032089272903842,1.4430086612701416,1.445392370223999,0.001,32,bgmm,0,0,9,"('SimpleRNN', [50, 50])"
491,50,2,1.8534941843072454,1.8424210829097172,1.7725999446547762,1.8424210829097172,1.4362704753875732,2.925194025039673,0.001,32,bgmm,0,0,9,"('SimpleRNN', [50, 50])"
492,50,3,1.7980265808388458,1.796888149408407,1.7008484954736671,1.796888149408407,1.433638572692871,4.400731563568115,0.001,32,bgmm,0,0,9,"('SimpleRNN', [50, 50])"
493,50,4,1.7631960675695175,1.7644280562567156,1.6706388836004296,1.7644280562567156,1.471789836883545,5.923968076705933,0.001,32,bgmm,0,0,9,"('SimpleRNN', [50, 50])"
494,50,5,1.7320451623254431,1.6978932057702265,1.6285147052638385,1.6978932057702265,1.4198312759399414,7.442018032073975,0.001,32,bgmm,0,0,9,"('SimpleRNN', [50, 50])"
495,50,6,1.7109187767130685,1.6265171738558037,1.5829823515853103,1.6265171738558037,1.4707419872283936,8.997319459915161,0.001,32,bgmm,0,0,9,"('SimpleRNN', [50, 50])"
496,50,7,1.6724294247188625,1.569140223916187,1.5281161361811113,1.569140223916187,1.5071866512298584,10.64269208908081,0.001,32,bgmm,0,0,9,"('SimpleRNN', [50, 50])"
497,50,8,1.6614527054993264,1.567167767951655,1.5236171830673606,1.567167767951655,1.5027415752410889,12.226066589355469,0.001,32,bgmm,0,0,9,"('SimpleRNN', [50, 50])"
498,50,9,1.6445239163294036,1.5414816688659578,1.5175438803069445,1.5414816688659578,1.5072901248931885,13.801995754241943,0.001,32,bgmm,0,0,9,"('SimpleRNN', [50, 50])"
499,50,10,1.6487083866617447,1.5509225785039191,1.5164522115065127,1.5509225785039191,1.5125157833099365,15.401559114456177,0.001,32,bgmm,0,0,9,"('SimpleRNN', [50, 50])"
